jangeffert;scosanay,xxhoneybaby,memewarmemorial,triebhaft,memeproviders,antennarust,tubularamarok,mahocato,sudo_libro,samanthasimpact,rnrn_04,gptjmtpj,mindereien_m,csanl,grapefantasies,hihi_heehee,webstorestr,mslalma,1dog______daily,whaaat_itskris,lola_lfb
lvnancy;lvnancy
realdonaldtrump;realronaldhump,realdinaldtrumf,realdaddytrump,realdtrumpbr,realdonadltrump,rea1donaldtrump,adolf_trump,familiapozo2,terrellouis,bigboozybessie,realdenaldtrump,wildchild762,newspeaktrump,kenandres3,middels,realdonaldtrump,trumpplaybook,_ibrohan,im_oneout,skyeterriers,usa_herald,changedsongs,inotoffensive,realdonaldtron,ccnordtic
erbudi2015;twivirgin,taylorsuewift13,aaaaa20751215,scosanay,kaijaekodlhor,_reiuy,nineww_w,pimthaxnew,jameelrehmani3,memeproviders,17chickenuggets,shrawan07426134,all_for_aina43,rnrn_04,khald96289067,chandra34693227,ynumason,qwertyu06519249,grapefantasies,nagi_myeong,vbwtmqwiuxjtpi2,1dog______daily,xxhoneybaby,mslalma,fflyjph29wek1ig
Sonophoto;i,#!,sonophoto
Trumpkingirl;whaaat_itskris,1dog______daily,memeproviders,samanthasimpact,mucha_lee
l13d;l13d
Islam21369653;alsharifabdula,islam21369653,logohut,bareed8,aseelhatim83,yjorf27071
joaquin_dasilva;angievergaraig1,ale_par_85,31estelar,nachele14,fatifratt,radionline,bettyestrella9,cartolaisla,suarezenager,davidelio,laurypino,gcisnerosuc,neomar077,codeiv,jloretho,zuleykamarada,lcarola2103,volipasi,lorenamecha77,33cbf3fff8184a0,patriota24,sagitariodayari,marimaechez,luisblanca4264,asie_lbpg_ec
bmaat99;bmaat99
arifrahmanbrun1
newssummedupuk;newssummedupuk
schroblinger;iharsh_singh,ketherlo
DaveChewie;davechewie
GelirBirGece;nadalina78,bubobuboyeongu
zul1732;zul1732
BaconJoel;baconjoel
LouNehls;1dog______daily,deanmoore117
AlexandraKE;anouckbronee,selovatt
Amelya_Anandh;yamlikha,zahra_ghaniyya,dewi_anjani0,amelya...
Ammongurzil;ehsani22,suriyakmaps,ivansidorenko1,franceinsoumise,syriawar2,ammar82,ammongurzil
Rung9735;thanapo31084781,jpannij,janjan_vi,m93bama1,gat717,alszb26,kk_kookky,nanthaporns1,zinnamon_nie,kvin_6699,nutnankunmook,evefany_ein,np_nat55,mmymallow,sasixshop
MetaTVFrance
weknowucare
jaimeiberos
sharaff;sharaff
Shoaamd;mamalsaud,shoaamd
WSandles;suzannerico,hashtag
_mohsenshebli
himaj20;ahmadert900,actforghouta,olamalas,rasha_othman,hassounmazen,nabystander,ertanusta5,ahmad430raqqa,bivi_17,dirarkhattab,group_syr,nedal_alamari,syriarandd,malak12d,amalhanano,nouraaljizawi,itsmenanice,andrewhirsh,razanspeaks,omerkose2000,joeyayoub,maitelsadany,kurtpelda,khalf_,995khaled
SwedenUN;swedenintz,swemfa,utbdep,suedeenfr,swedeninsd,swedeninpk,swedenindk,swedeninkosovo,sweinethiopia,swedeninro,swedeninmumbai,swedeninhr,swedeninno,swedeninaf,setradepolicy,kulturdepsv,swedeninml,justitiedep,swedeninindia,swedeninao,swedeninatosce,swedenankara,swedeninoz,swedeninegypt,swedendoha
EdwardHeil1;mrshazardthinks,sunnysideup612
Panda6;panda6
candyw;thanksdtrump,stuartf93,killer_bunnie,abnormalandon79,doonaldtromp,crisuch78,carlosjesus999,memedonald,realdonalddumbf,candyw,dtrump___,stevenilott,trumpisahomo,trumpleaks,capitann_,ejcreepypasta,flo_cabrera24,gump_donald6969,thebestprezever,trumpendings,lohengramm_007,ayoonuma,shinaikai2011,dirttracktrump,itzfredii
MWAgain;pimentel1972,good__afternoon,cutos_man,modificarbh,simdesign,nyc_dogs,pattikunstman,withus3,ma_carof,hipporcate,joan_ko,animaislove,sell_love_you,shionmink,dogsupdate,marcelopadovani,rafatutoriais,alleswaswegmuss,ruamarian,lastotonas,aestreladanoite,davaloscin,thilsenpuja,ml_mluz
Notorious_Nava;notorious_nava
BeckyEubankCox;beckyeubankcox
malong79;beat_shock_nin,inag6474
KearaEugenio;nonstopnunzio,...,katywwefan,sapatamaravilha
RealNadz;@realnadz,kashmir_cause,realnadz
MojoK1000;mojok1000
MoniaMazigh;moniamazigh,sagenorth
FarzadForPeace;...,farzadforpeace
r0kr1;r0kr1,1forpat,mousquetsue,miluzjehova,nerferty,inspirasi_story,totam122,eurii_iirue,biyolojist34,aroirla,p2013mariat,suphersaa,hbg1x48,mojahidahmed2,guest2009,kwydadi,samforson,carlosresendiz1,yara_kuwait,tigers523,bandukale,bbc67971,sue2803,zeytindali14,cauxhenriette
amatsuki;amatsuki
gambergeur;gambergeur
erikdeboer8;rajukum91437351,gptjmtpj,mucha_lee,memeproviders,nagi_myeong,17chickenuggets
NatureFireplace;naturefireplace
Lennin001;hashtag,lennin001
ShoebSolanki;shoebsolanki
robcrilly;robcrilly,americanspacevl
TonnaireM;philippejay,cwitplnivs9ezp1,l_hassan35,qy0f34p
Arash_Hafezi;shenaakht,arash_hafezi
KariJaquesson;caitoz,walid970721,helensaxby11,karijaquesson
TimesofNews;i,madwebdesign,timesofnews
shuib_96
DianaCornald;dianacornald
Defcon1W;i,deustos3lab,...,defcon1w
VonnieCalland;nwpinpdx,vonniecalland
Muslim4peace3;djibrilthiam2,sagirhussain7,andrea_sumayya,imfaiznawaz,drbilalphilips,iramun18
stephenalbert11;stephenalbert11
Aaj_Headlines;i,aaj_headlines,newshala
JakobjMikkel;all_for_aina43,usuallyhuman072,bowwling1294,vbwtmqwiuxjtpi2,dvazquezalba,aun_komyo,rajukum91437351,jameelrehmani3,1dog______daily,trojanhorsekyle,17chickenuggets,csanl,grapefantasies,aristilcarl79,fflyjph29wek1ig,igogebakan,taylorsuewift13,nineww_w,mindereien_m,cloydzach,memeproviders,mslalma,nagi_myeong,xxhoneybaby,whaaat_itskris
MisanthropicUSA;intpgroup,e_man39
aser_ne;aser_ne
mcdysko;redbaybound,princequartz,msjessicaporter,sibimet,jimmypaz5,yaboiwizard,ottonyc,sabrina_fain,leannaboos,hillary_cuntion,mysteri759,thisistrishous,krnpalmer,t0969912972,hillarizer
PrevGenocide
Kahyaninoglu
StewartHerica
ayuub308
SEF_9009
Harvard_63
zumoeg007
f_regules
Ramahi2000
Sungmanitu58
Aliyajawaid1
stephsanola
ManonCostantini
InsydeMan
55vilchis
abu_niza
Jonathan_RTfr
fredwalton216
AmauroRodrigue5
lis_dans
_sara_4A
bunk_zae
screaminkid
AR_Tweet_INews
mostafa_abram
SkyWatchApps
NewsToday_ID
beritartm
HankDukeJr
lajornadaonline
AltWasp
heberth_f
maferegas
jose_baha
anonhacksa;anonhacksa
pessoptimistic;pessoptimistic
RandomKurdi
MuchamelLinda;muchamellinda
mutosaur;mutosaur
joan_shyam;garden_forlife,mingmingcullen,hima2mahi2,joan_shyam
el_humbert;bettercalljeff,2017festanindya
Anon6_NvrForget;anon6_nvrforget
JpnAnonymous;devilwhite87,raul_gereiro,opkiliingbay,opblackflare,anony_morph,jpnanonymous,paolodifalco4,m75aj,an0npun1shm3nt,typjace,polscyanonymous,cuibapvh,anons_worldwide,kingsirchez,anonymous_wj,idontknowrofl,lostsoul864,anon11122002,micklewhitetm,ex0_anonymous,anonlord1510,aborto_intelect,neuro_note,kukuxclan123,anonymous_dex
Judit71430649;laurighezzi73
helen95800581
fireheather;fireheather
MykasanReal;mykasanreal
WhitePillitary;whitepillitary
maggiezasss;maggiezasss,ggball
IvanSidorenko1;omm_aass,ivansidorenko1
Eva_Marina_89;khannilo96,...,eva_marina_89
boerneaj;sinkaf12,hakanguler6262,grgur12,karakusm,valakurd,nzr5destanazape,lorbass1962,rosagilbert,the_speciai_one,aggea9,mekut_mallet,qendil15,mamosterezan,devdas94,jercinter,ferrero_paolo,kilicnursel1,alessioarconzo,gilsvanjac,mgh_se,_mnkamollawa_,talesoftheeast,akangun_y,corpsmoderne,ezmir21
Elizrael;trbrtc,leloveluck
eimaster13;silentboymoon1,alaa20504573
DazooFR;worldlivemart,dazoofr
Debi129;kthorning,hashtag
vistacha;vistacha
eclerecreme;eclerecreme
buryilmazer;buryilmazer
Ferhat__kaya
rubu481;aliwalham,nonideolog
BadrAlQahtani;alhabtour
mrjasonray;mrjasonray,shiftthework
VeoNews_;veonews_,veociencia_
faridism;faridism
roraimay1;wilgionard,roraimay1
powercoach_pe;diretodarua,amati19802
Hizir_Musa;hizir_musa,elifsara44rt,elifsara44,muhsanbachirawa
Adel67008964
Gwendifyr;internet_slow,gwendifyr
Say_Non_Now;say_non_now
zibahfairooz;zibahfairooz
kali8541;kali8541
MpPervane;mppervane
Tom_Daraki12
ArtMarius2;statuses,artmarius2
dingalingy55;barca841,tombofthesoul
shez_shezy;shez_shezy
MinisterFaust;ministerfaust,tedxvictoria
PeterCorless;petercorless,natalyinak
gorankrav;avashin,avashin_
farooqon;dei103,wkmbs_branding,happytoschips,plasticbottleco,aroramonark,farooqon,saacrider,helenboulding,im_mako_,dkminsaat,goodtimelover,noa_twt,pkjm_only,ev_entz,ptarai,rickypangyi,_tepi30,mynutrisize,rmrrnpzjpeoptns,benoist_japan,hurry_ngp
krasnaya_dusha;lawisla,soviet_union
irinnews;jeneambrose,roshnivenkatesh
rgappp711;nebosuke11,neko22mata6
UmarMfz;danielriveroh,mizanlaa
QASIOUN_NEWS;qasioun_news,osso_kawa
DejiStevegie;rockygerung,bkpp_pky,hashtag,ndon08,kiluandolphin,maria_vaniaa
bryneson;bryneson
Vedatkaraca18;alnhmi2014
silmareth
RockBarceRoll;rockbarceroll
championemotion;championemotion
dekelley14
SAtif83;i,satif83
keepinitreal153;keepinitreal153
alabella2586;alabella2586
IMAA_Mirage;chrislilninja,trebvndz,1dcodylovato,cutekym,kudi_dryp?lang=ar
FernandoAmandi;ven_gre,merlufer
nelsonvs3009;magnimoira,...
AnttiHarjula;1dog______daily,flanxito,ravidassahu2,_reiuy,nathannat22,n902449608,taylorsuewift13,whaaat_itskris,memeproviders,lots_laneways,taletoki_art,furafura2000,_o_o_z_z_z_,r_12509_kiki,shark2380,mrnsaisai,rajukum91437351,edisuha72229719,realpepetf,dvazquezalba,xxhoneybaby,nagi_myeong,twivirgin,17chickenuggets,ariovaldopache1
fairyofbloom
ramnayba
ahhhraphael
ummifatihrso
MontanaKlingsp1;montanaklingsp1
DeshBhakkt;amjad67639534,im_saddam77,vineetv41027379,fellinglove994,ahsan__arain,ravinashurti,antibjpindia,bhimabhopa,shubham06373412,nisazeeshan1,hemantk94469452,imrana_mudassar,aashishtyagi15,hamzamurtaza87,mohdfai40002909,sumitdeswal5,iashishp,anilkhades9595,kunal123bhaskar,tedhikheer,bismillahkhank3,sakalkarshirish,sonuptn2,naumanulhaqkhan,itsfeellove
char_142;char_142
319192305;mugi_poppo,ravidassahu2,triebhaft,chandra34693227,mslalma,nor_nor1200,sudo_libro,taylorsuewift13,jameelrehmani3,memeproviders,grapefantasies,mindereien_m,lola_lfb,hcw_cute,csanl,cloydzach,xxhoneybaby,akshay79037242,webstorestr,rnrn_04,twivirgin,trojanhorsekyle,ariovaldopache1
markiomac
twtbawbags;inanimatealice,carterfordc,ebjets,excelhighsb,hgsisk
froch1981;carterfordc,rexvyl
Minaism
O_Rich_;o_rich_
Safrudinmuhamm9
orenseceibe;nagi_myeong,memeproviders,nono_brothers,russianprivjrt,rnrn_04,ameliasampson13,jessie40789914,trojanhorsekyle,chandra34693227,mslalma,4orwd,hosienmostafa,mayu_lgm,jameelrehmani3,csanl
GPunchita;smin1996,she___s
AmitTanzib;amittanzib
EHanichak;lena_arkawi,syrianjohn
MiaFarrow;gjbrand,sean_ryland
hervegogo;hervegogo
marwanallesh;marwanallesh
BandeKhuda;bandekhuda
jobs_2014best;jobs_2014best
UpTarget;captblimeyapp,i,hashtag
DutchSyrians;dutchsyrians,erika3gonzalez,nourhoms5,alnasr19833
riana_roses;jixx_tv,riana_roses
JohnLocker4;teaguewilson,aliamandanwar
jecarrerog
ingrx;ingrx
RobertWorthley;robertworthley,@robertworthley
Howayed;howayed
SBS;sbscomedy,sbsdocumentary,sbs_life,sbsradio,sbsturkish,sbsmovies,sbsfrench,sbsswahili,search?q=%23amharic,search?q=%23sbsamharic,sbschinese,sbssexuality,sbscareersau,sbs,sbsspanish,hashtag,sbsitalian,sbsnepali
sunny_chowmein;hashtag,stefanocomunico
mabo38;_reiuy,mslalma,ramirami20033,jameelrehmani3,whaaat_itskris,memeproviders,anuragv96360977,furafura2000,qwertyu06519249,csanl,aaaaa20751215,jds_1805,rajukum91437351,lucky43972016,dvazquezalba,xxhoneybaby,sancool11,webstorestr,nagi_myeong,ajaytha44475666,all_for_aina43,twivirgin,trojanhorsekyle,17chickenuggets
RMontajes15;isaacsaguit,linacervantes3
ProceresVe2017;osmiracampos
KrisBrbr93;krisbrbr93
ecatepeclomas1;aamber_yucatan,nadiajaimes3
Occupy007;vsehpobedim,occupy007
RoznamaUMMAT
ermurenz;hashtag,ermurenz
Flavia0847;franfrandisco00
Acho_Wendy;acho_wendy
News_Binge;news_binge,tinycorg,dncommercial
SylvieMasson3
curas_si;encarnacion2g,1aylintorres
JannaPutriAyu;reyhanefe1984,61zafera,jannaputriayu
JoseFue09633601;mslalma,jameelrehmani3,memeproviders,nono_brothers,17chickenuggets,mindereien_m,ynumason,hosienmostafa,qwertyu06519249,csanl,usuallyhuman072,y9z0csjhehgjfn0,ybuveresummjpgf,xxhoneybaby,akshay79037242,nagi_myeong,aun_komyo,rnrn_04,all_for_aina43,twivirgin,trojanhorsekyle,fflyjph29wek1ig
truestory24;springbaby777,tamermohsen347
Rogers6661;uf955,rogers6661
smorris837;halturner2014,architt15
Navsteva;navsteva
bo7_thawra
ZaidIT730;wasilsami,pakistannature
aleenrico14;ingridzp4,xrcalderonrojas
VietKaizer;vietkaizer
bailey_beattie
TurtleWoman777;turtlewoman777,omidazadiiran1
AWAKEALERT;awakealert
SyriaUK;syriauk,protectmyid
kgzxpm434;loli_ali999,cctbivsdffgf11m,abomaiadh,mlashin321,dawood911,badoori6671,adad_89,halkhali1,705ahmed,othmman1416,h_thso,vinisb4,t8nvshynwdmnntz,bshaayrandrafa,skxxgt85tpg3gq4,getukgd,aalhele,asma56846097,abdullah_lahdan,arijsawan,am0ol862,g2008_oo,heba19831999,formoda4,magf26281116
nuuruaiini
ZFTWARNING;daveedgr,eoinmc73
mehmet19076312;mehmet19076312,hashtag,mitchell2906,bthfutbol10,...
hary717;hary717
GertHanekom;aberukain2,laconchatuya16
disruptivesigna;disruptivesigna
FarrahFazal;nrglight,othaliegraham
jazirahng;donia9977,jazirahng
LouisaAchour;muhammaddudha,kaa_faa_raa
newniky
redstarrichter;correuriburi,maestroespadas
sophiayaaaa;sophiayaaaa
korol_koshek;deirdre0me,nalydv1776
jjcjmc;anikhwai,jjcjmc
citroyen_X;citroyen_x
BunggSant;fillari61,gargano_ugo,prudvi_pg,emannsmark,alex_gotin,lavallee_r,guipalumbo,drchenio,bugs_kamesh,arturxhumari,_simo_1,9fran888,vimalpatel1969,chrispravin,abdullhamg,liln140,fenottekle,nroch7,abdulwhab50,bilottanatalie,sonam10tenzing,clubloscortijos,magicrm8,arassuo,sbrownmcgilp
marie_chaillou;emma_vigoda,maeva_mrtl,alicialbtt,blondbulle,marie_chaillou,v_bkrche,anatrche,pauline__bnnt
RobinBall1961;robinball1961,i
pd4ejp
AntiGlobalist__;antiglobalist__
TolomeoNews;tolomeonews,i,@tolomeonews
NofNews_Kenya;1021_i
EliorCymbler;eliorcymbler
g351t1;g351t1
mofaizal09;i,mofaizal09
LisePierr;lisepierr
mirjossbom;natsilbert,familistere
abissicus;abissicus
DanielOCL;danielocl,erickwongxy
d4dD3;nrcnhkbln,argemod,deryadnl,moertopo_,f04ikhwan,tarafsiz29,garez_61,ekinci_safa,akkadinlrortshr,ismail066,yanardag57,t__talha__,richyme72,ayyildizenes,fauzihanif,tohanfas,fethivural2,adrinaberto,nasimulk,eraycanikli,merveederki,btataroglu1,arduc_manyagi,kemaloglu61,bekiran_0102
DrShajulIslam;javadhamida1,meliha95143781
SherryWhy1
polluxc;polluxc
TrollColors;trollcolors
republikaonline;rol_shop,harianrepublika
jwtl1448;rook08,nindyaz
MehmedKl3;akordu15,ozhakkr
Rawarontek_101;durexxxx67,dan_nan97
_deSaintJust;_desaintjust
unikgirl11;unikgirl11,statuses
Geordievillan;geordievillan,jh9avfc
jyonko77;binsacksb,jyonko77,kayajones,lauraloomer,repadamschiff,southern4maga,infowars
mfatihnar;mfatihnar
3223Jomjam;2b...,3223jomjam,ponymeaw,2b_bowbenjawan,xcvegg_
john_morrio;limportant...,john_morrio
metacode;metacode
emzorbit
omen_syria;hashtag,omen_syria
JonDave84;matthboudet,samarkandya
AddinSuraiya;addinsuraiya
trendinitalia;i,toptrendsita
HidayatShahKhan;pukhtoontm,ikrampukhtunyar
jhonsonvalencia;jhonsonvalencia
MiraniMiranij;karwan870,miranimiranij
francoish;uncgparking,yasemincura
Al7lm777;al7lm777
Watershed_Ltd;watershed_ltd
BeeAHoney_;statuses,hashtag,search?q=%23dimitramilanart&amp;src=typd,search?q=%23dimitramilanart,y0204_bt
_Vikingsh;uqk2ajxljews0qb,_vikingsh,olympics,hashtag,navalny,...
NewsUpdate24Int;clermontpd,opelstadt
PhilDeCarolis
norvisogallan
RaptureForums;raptureforums
vitiok78;vitiok78
TinaJac22661258;breanne,golden98child
topnewscity
CherryBlues4me
emmanuelhoog;...,emmanuelhoog
MoandJinks;moandjinks
Thekitabwala
mikaerupochi;mikaerupochi
Maroccan_212
Syrfare;hashtag
chindonsyan;chindonsyan,k_suzuki...
AkbarYoso;akbaryoso
sardarabomostf
happyKof
SecretNews;mrwissocki,aeolian65
slmhktn;slmhktn,fatimanoortr
ClintWarren6;i,clintwarren6
andri000me_15;andri000me_15,andri000me...
AaronMagid;aaronmagid
tigerheart_46;tigerheart_46
Aethonaia;fajt1000,aethonaia
enjoyparaglider;ardea_journal,vamaros18
laverdad31456;laverdad31456
Israelifreedom;israelifreedom,paganminister1
433_3165;433_3165
PedroGu59661164;syriageneral,pedrogu59661164
TargetUpInsuran;captblimeyapp,hashtag
faridabakhta;faridabakhta
joe_dirty;asosyalsihirbaz,joe_dirty
MARLENEBLANCO7
riyadh_aj;fnn00_m,mmmfff89012
poinsettia61
Figdude;figdude
mwkm2011
eyadkaka1;andrewhirsh,olamalas,joeyayoub,ahmad430raqqa,ahmadert900,995khaled,malak12d,group_syr,actforghouta,amalhanano,nabystander,kurtpelda,nouraaljizawi,kibillay,omerkose2000,ertanusta5,khalf_,rasha_othman,syriarandd,nedal_alamari,hassounmazen,syrianforumusa,dirarkhattab,maitelsadany,razanspeaks
Saraha1Da;c4rcff3,khaledg05987881
DianaRVA1;kcpyk3ifocjrkin,dianarva1
CrusadeNewsCast;ig_bricker,barrettbrief
BitcoinBuddhist;bitcoinbuddhist,i
handsoffsyria;handsoffsyria
MyTrueHope;nona2463,mlikaha1
miltonarrieta33;miltonarrieta33,...
twtPoliPd;twtpolipd
gengh60
viviaines;viviaines
ALKofoet;alkofoet
TaikharTsend;whaaat_itskris,yh_love_seka,memeproviders,lots_laneways,_reiuy,all_for_aina43,twivirgin,aashish__m,edisuha72229719,chandra34693227,gptjmtpj,dvazquezalba,mayu_lgm,qwertyu06519249,ariovaldopache1
BergsteinViktor;i,bergsteinviktor
MiraMiasilChe;miramiasilche
gponceleiva;gponceleiva,i
palestinechronf;palestinechronf,palestinechron
Monitor_sur;hashtag,monitor_sur
abofarah09;abofarah09
Hermawan_Razief;hermawan_razief
Alas56658640;brimstonewolf,angrygrumpytoad
susanschulman23;susanschulman23
FirstJpn;firstjpn,@firstjpn
realPooPooSmith;realpoopoosmith
RegarBastian;kompastv,regarbastian
headstonecapone;kanishkseth1,noworneversabc,bamkzsmt1mgyw2t,saacrider,rmrrnpzjpeoptns,ptarai,helenboulding,aroramonark,ev_entz,happytoschips,mayankiam,rickypangyi,_tepi30,kmte_pkjm_95,noa_twt
ShariLPhelps;hashtag,kathygriffin,freeformtv,sharilphelps
emoffet;nagi_myeong,memeproviders,cloydzach,rnrn_04,_reiuy,mindereien_m,twivirgin,trojanhorsekyle,je79nm,mslalma,xxhoneybaby,qwertyu06519249,17chickenuggets,jameelrehmani3,csanl
csmonitor;target2016,maganails
abu__savage
mutalabala;mutalabala,hilwmur
NormanBuffong;normanbuffong
Allah99060991;allah99060991,mnnoo9
JGonza28;realteamthomas,rob_nymets,averyogden,cyndgib,mrsriveraesl,duty2warn,93chevyk1500,megaburp,legessenigussu,sobelleb,zineddind,gabitawil,remfan66,treywilder2002,m_a_griffith,itzchyaboii,voteprtrump2020,kottersbackup,jessicarenshaw3,idgy636,etb_1995,trump2016news,trumptouchbar,pseudofauxme
CathyMcRorie;maureendfc2,photogael
Ldyblkbd;memeproviders,chandra34693227,gptjmtpj,ariovaldopache1,lelouchnightin
bargyle1997;kassempalestina,ganzourii,c_resistance,samsouma,jenmeiwu,anannaji,addameer,10223335,cultofnewmedia,watermelonbrig,mhmdmhmud,artforces,carmenlopezmar7,imak48,yasmintarekemam
Pieryhenry;pieryhenry
HLD_23;hld_23
ROJNAME_english;ziyar7,rojname_kurdi,rojname_kurdi?lang=bn,rojname_english,koyesinjiki,karzanahmad565,rojname_kurdi?lang=ar,bawerararat,rojname_kurdi?lang=de,rojname_kurdi?lang=es,rojname_haber,ary_dosky,rojname_kurdi?lang=bg,parastincom,rojname_kurdi?lang=el,rojname_kurdi?lang=ca,rizgari_news,07503919327s,rojname_kurdi?lang=da,rojname_sorani,heviya_jiyane,roj_tv
hamaan23;hamaan23,agoff684,vaulttecrep
Baldiva17;baldiva17?lang=ar
Blue_Star_mv1;yusufkiraz87,003abd
gumargth
creativejen7;carlingaia,lydialovric,creativejen7,jhdodsworth,alison_rote,mainstreethfx,bruce_mck
aprenDingles123
imran_jutt47;imran_jutt47
AbderElhannati
islafisherweb;islafisherweb
jocamox1974;jocamox1974,_frasesloucas_,jonathan7_lml,verito30pato,asiomasmierda,areli96luna
Un_Divergente;un...
aldoctor_DR;3gxijtoyqz5p8c7,amrhmod777
mariapaularomo;gato1511,espaciadorabar
ffss70;ffss70
PKPUHI_Kaltim;pkpujp,pkpu_subang
msszerrr
RevolutionSyria;themasterzero,weldalsham90
NgcHoang1;1dog______daily,_reiuy,mslalma,vbwtmqwiuxjtpi2,nor_nor1200,jameelrehmani3,taylorsuewift13,whaaat_itskris,memeproviders,lots_laneways,grapefantasies,mindereien_m,aashish__m,qwertyu06519249,csanl,cloydzach,rajukum91437351,nineww_w,edisuha72229719,dvazquezalba,xxhoneybaby,nagi_myeong,all_for_aina43,twivirgin,17chickenuggets
deusexstigma;katalinnohka,yuxxceluzun
JoseSaylor;hashtag,statuses
marinapece
Snarkathon;aviselk,doubtinggaurav
ArsalaiH;search?q=%23casapound,arsalaih
itsnotsyeda;muneezashah
PressTV;breaking_ptv,presstvprograms
allidoisranttt;hamada_saad,allidoisranttt
Will13843087;will13843087
fanboy466;hashtag,fanboy466
cododegato;i,cododegato
ColeBockenfeld;sunjeevbery,catanzanoamanda
nevilleblanc;nevilleblanc
CeeudeeyS;ceeudeeys
AnaisRafaela
JamesNichols73;drstewart_msf,jamesnichols73
ONC3X;onc3x
Touba80221319;iqramaqbool15
talentosprecato;talentosprecato
quantumbiology_;quantumbiology_,picwrld
arefizadi1;arefizadi1
d1_grace
GerlindeRud;gerlinderud
k3vk4;hashtag,djmostov
MustafaGhulam_;shaykhazhar,afghangstah,dr_alqarnee,snoop,sonnybwilliams
Swarnadiva9
Estigiaed
cloudwanderer3;thehawkflieslow,castlevondoom
nuriIhuda;superphrases_
syriacham;mazzen,syriacham
amooola2002;fishprojectm,algafomar
goyacobol;goyacobol,@goyacobol
stefanswartpet;milcs40,stefanswartpet
jmma66;jmma66
Passioscorpione
IntelCrab;intelcrab
cwilhammer;hashtag,cwilhammer
colorado666;pachuzavala,pavomatteo
henson40;henson40
debmorello;debmorello,hxhassan
maratquin;yumelyh,vinojjaisonr
coex145capt;i,coex145capt
sherpeace;mirandanading,sidmanali
9arsth;9arsth
xalexon;i,xalexon
mulfah17;detikcom,hashtag,yudha_huda,ebibitititeliti,andyan_dian?lang=bn,mulfah17
LissetBeth;lissetbeth
suse_______;i,suse_______
lintlvieno;wielanddehoon,ademkavas3,lintlvieno,sauyakauma,uncledolan1,laadhar10,rusocasali,dampffhans,mariesnp,97borjatorres,wikaj1,godlesso,yartelleonard,arjunmenon1211,lisachang35,ozciftciler,lughson,samixriahi,albertodeduran,mrtimbarrow
AlinaIrshad;alinairshad
UkraineSpring
Murdog00
yasiribrahim24;jamescablee,dr_nae_
AKarkoukli
AmarahF;insssxo,izzie_phillips,mariamsayeedi,xxshereenieexx,noiretpale,hashtag,amarahf
RaddulFasaad;_reiuy,chandra34693227,mslalma,vbwtmqwiuxjtpi2,mahocato,jameelrehmani3,taylorsuewift13,scosanay,whaaat_itskris,memeproviders,orhanorak,lots_laneways,mindereien_m,aashish__m,qwertyu06519249,csanl,abdulfahl,edisuha72229719,dvazquezalba,xxhoneybaby,webstorestr,rnrn_04,twivirgin,trojanhorsekyle
Yas2999;yas2999
PriyaWarcry;aleicerosma,menimancini3
TamrikoT;tamrikot,tamrikot1
MenasriaMomo;groupeadp,menasri63441451
SDrinsinger;sdrinsinger,msj_d49
Jmart4info
Razdu_betz;manuthinks,hashtag,guglupoo,vyshakpa
The_NewArab;statuses,the_newarab
FanyGMartinez;fanygmartinez
AdekF4;adekf4
FortRussNews;fort_russ...,fortrussnews
alfredoer;acab181,vzlacontig0
Syiah_Indo;kns_indo,sansanproklamas,syiah_indo
gruBHFIOasiY3PF
AmyGunthorpe;tadei,yobu_dai
mariamesque
lovemycountry55;hashtag,mrmikeb469,search?q=%23venezuelanvixen&amp;src=hash,fsrhsog25n7e7n8,irema143,a_navy_army_vet
Sol121Nadia;sol121nadia
CgAn_Doemela;nevanozx,lomande_moise
ABRaf8888
IsaMadesclaire
Internazional_I;orisresli1984,internazional_i
Robbie7paul;robbie7paul
shwankendal;beginentum,hoopoe66
DIANI_R;diani_r
HameedIsaam;hameedisaam
kbartlett114;kbartlett114
Hamed_sabouri3;hamed_sabouri3?lang=bg,hamed_sabouri3,hamed...
monicawasef;tommyguir,monicawasef,hashtag,kinky_leyla66
chelsealovhotm1;mechanima,fgyt55r
muslimcouncilhk;muslimcouncilhk,alinurudeen8
firqinwalker;mxcyii,firqinwalker,mwuatai,archiveagbkcc,fohevergirl
thia_bfagih;bafagihfathia
Rifath21Mohamed;ahmedxidhan23,najiyamohamed,osloff,mohamednasheed,francislazar4,nsobah,mdphinnavaru,alaahilaaly
JanetAV55;jyotidhonchak,_reiuy,sfffc7,nagi_myeong,noorman2020,memeproviders,khald96289067,twivirgin,17chickenuggets,whaaat_itskris,qwertyu06519249,hanapi32,lots_laneways,dvazquezalba,edisuha72229719
Mr_Reynani;shrouqamed,mohamed25080019
breaking411;breaking411,i
SimplyNewsApp;simplynewsapp
sarahabed84;sarahabed84
kardinalexposit
NeotipPro;somnolentsigh,abbebusoni12
Yemenis11;gabrelllll,ghaitgm
libertad_321;marapll4ever,ukulelevrj
jennyfrky
Al_muadhin;aminalduais1,rassalhanout
ndCapio;ghienza105,wellabrimasanta
Hollaka_Hollala;hollaka_hollala
adillahmy;adillahmy
PavlosX59;143_129,anago_s,mina37mina375,lates_005,chicago_pray,so_zyouhou1,mmvllc,keisuke_ogino,rpdlad,ta_shun89,r_sao,jcro145,syoku_hingaku,okonomiyakic,emitsun,lvasconcelos,shimizu_erina,012f2b1d7d054d4,sk831831,lingzuer
POTUSPress;cfhs16,potuspress
margrazyna;margrazyna
K_Muhammed_K;k_muhammed_k,cezzar_ottoman
GeoTaiz_HD;geotaiz_gk,preeminence2015,geotaiz_hd
Peta_de_Aztlan;peta_de_aztlan,hashtag,i
endtimesone;endtimesone
balarapolis;balarapolis,i
richamore2703;pelayoborjas
KeffelecAl;keffelecal,yelivenalcasa
txtwxe;gus_jav,ciel11
WorldNews707;fanstarterkits,isabelledoc,kquesta,quran___tweets,anyhoo_laugh,follow_sougo__,carersdwp,aamiscreen,tamara_juarez01,selenaa_navaaa,griffgold11,deztil,real_bu,taniguuuun1015,karimebarrera97
GlebKaznacheev;lauriszvejnieks,usochivec1
JennRollins1002;actforghouta,letbetofficial,maitelsadany,nabystander,itsmenanice,khalf_,razanspeaks,nedal_alamari,995khaled,ahmadert900,hassounmazen,joeyayoub,amalhanano,omerkose2000,dirarkhattab,ahmad430raqqa,syriarandd,kurtpelda,andrewhirsh,nouraaljizawi,ertanusta5,malak12d,syrianforumusa
MarxAlann;hashtag
PeteRidge2;krugerbrothers,the_polterguys
Perpetua333;xxhoneybaby,jyotidhonchak,mslalma,qwertyu06519249,cloydzach,jameelrehmani3,nagi_myeong,aaaaa20751215,twivirgin,trojanhorsekyle,mahocato,memeproviders,csanl,mindereien_m,17chickenuggets,rnrn_04,ynumason,chandra34693227,_reiuy,hanapi32,fflyjph29wek1ig,ybuveresummjpgf
jahkarta
StevijoPayne;stevijopayne
ntzyrsn;ntzyrsn
davemustgo;davemustgo
Rojname_com;kbamarni,kurdistancz
BobFuzz3
Follementbijoux
danbrosgol;danbrosgol
Baleia17228548;xxhoneybaby,jyotidhonchak,mslalma,qwertyu06519249,jameelrehmani3,aun_komyo,nagi_myeong,twivirgin,zspeeedbr,trojanhorsekyle,mahocato,memeproviders,17chickenuggets,kaijaekodlhor,9akhta,webstorestr,rnrn_04,usuallyhuman072,chandra34693227,ynumason,_reiuy,taylorsuewift13,shrawan07426134,fflyjph29wek1ig,nineww_w
these2balls;these2balls
iamroxanepope
ariefrustanto77;_nifira_,gus_sugiarto
KomsonSonpavan5;xxhoneybaby,jyotidhonchak,mslalma,qwertyu06519249,nor_nor1200,jameelrehmani3,1dog______daily,aun_komyo,nagi_myeong,twivirgin,whaaat_itskris,dvazquezalba,memeproviders,noorman2020,csanl,mindereien_m,grapefantasies,17chickenuggets,ybuveresummjpgf,ynumason,_reiuy,taylorsuewift13,fflyjph29wek1ig,vbwtmqwiuxjtpi2,nineww_w
malika_k_32;malika_k_32,gabonfanpage
renata_damasio;catsinspace_,zombiedeyuya,_spayqe,itsmariaines,bitiniarmy,renata_damasio,sirmittenz
nasserrabbat;mideastxmidwest,nouraddouha
Ehsan_Butt;ehsan_butt
ELINTNews;samgames92,epollsofficial
semritalina;semritalina
chris_m_h;karleesilver,engledavid
rjeanroberts;xxhoneybaby,jyotidhonchak,sudo_libro,mslalma,nagi_myeong,memeproviders,csanl,mindereien_m,grapefantasies,17chickenuggets,memewarmemorial,nor_nor1200,jameelrehmani3,rnrn_04,rajukum91437351,triebhaft,all_for_aina43,trojanhorsekyle,ybuveresummjpgf,gptjmtpj
WHO_ishappy;happiness_who
mohamed_mousa19;xxhoneybaby,jyotidhonchak,mslalma,jameelrehmani3,rajukum91437351,1dog______daily,edisuha72229719,abdulfahl,nagi_myeong,twivirgin,whaaat_itskris,dvazquezalba,trojanhorsekyle,memeproviders,csanl,mindereien_m,17chickenuggets,webstorestr,rnrn_04,nathannat22,lots_laneways,_reiuy,5wjumbyxb5xk9jx,all_for_aina43
ako0516ako;ako0516ako
inteligenciaven;izquierdoso,katicha
alvarofroman;alvarofroman
tn4venkat;tn4venkat
FakeNewsTroll;suaranurahmad,fredymercurio50,karikateist5,@fakenewstroll
gdk9933
Miyibue;miyibue,eemneen
sandlogs;sandlogs
GharjelRass;gharjelrass
MrsLaurzilla
Icecubesolid;naar_buitenzorg,icecubesolid,statuses,i,naar...,machi_al
NicDawes;nicdawes
USARocks1971;ryanjgriffen
samar2202;jarriojas,samar2202,hashtag,observadbinario
mitsdla;mitsdla
vatanyilmaz3;serhatozaksehir,senahmetsen1976
TigerKnowz;vssm_ukraine,tigerknowz
bbc_diff;bbc_diff
MaoZedung;eewe7,qaheral_thalmai
liloucharifiia;risty_sentil03,trgyrpn15,afriestayumna,kubra_osmanli,liloucharifiia,i,fathiyarizkya,simmelinda
GaiusCa1igu1a
ZXPN247
ralvarezdj
HumanitarianGC;thingsprime,humanitariangc
ShareCanadaNews;overseasadviser,arkiolok
AlexMaless;marionhuysman,charlottenourry
geronimo_370
Jfox71506865;mslalma,qwertyu06519249,jameelrehmani3,rajukum91437351,edisuha72229719,1dog______daily,abdulfahl,aun_komyo,nagi_myeong,twivirgin,whaaat_itskris,trojanhorsekyle,dvazquezalba,memeproviders,csanl,mindereien_m,grapefantasies,17chickenuggets,lots_laneways,_reiuy,taylorsuewift13,5wjumbyxb5xk9jx,chluhc,vbwtmqwiuxjtpi2,nineww_w
superstereo981;superstereo981
EliRamsi;eliramsi
KeBinSoreasmey;kebinsoreasmey,blancharddom,oliviercadic
IDashboard;idashboard
Hey735272020;hey735272020
chinaortega7;mmaaqq20144,anlamlisairsoz
amirnazari20;amirnazari20
imransolanki313;imransolanki313
rightojibwe;rightojibwe
Pticatrkaica1;pticatrkaica1
Marcnelsonart
LighthouseForum;marcnelsonart
dragonmorgana;lamcatbug,johanakusnadi,thotbanana
Rebel_S4Peace;arian15089778,saturdaytula
GlenUsaid;glenusaid
AdeleJLongstaff;adelejlongstaff
Ant_cl;theodelage,baraocarlos5
walhana4u
PeteDriessen;petedriessen
SarahLawan;sarahlawan,olamajekodunmi1
MatteoR21309468;rtyourgintoki,zbergzzz,haleyhistory,americancentra1
luisAlfredoM2;luisalfredom2
aliciaisabel23;aliciaisabel23
2Rook14;2rook14,rickyzbg
very_grem;very_grem
ranumpowerplay;yummy_elapid,akbar_alghd
RBHam63;govjventura,theintercept,antiwarcom,sahouraxo,rbham63
XavierFiestas;alpinchiste,jachq
YAM2200;xxhoneybaby,youth_is_in_o,mslalma,nor_nor1200,jameelrehmani3,thd8937,1dog______daily,sudo_libro,fcreviewsdegame,nagi_myeong,lola_lfb,eva0003272,trojanhorsekyle,hcw_cute,memeproviders,csanl,mindereien_m,grapefantasies,17chickenuggets,webstorestr,rnrn_04,triebhaft
c_c26047605;xxhoneybaby,jyotidhonchak,youth_is_in_o,taylorsuewift13,mslalma,aun_komyo,csanl,grapefantasies,twivirgin,cloydzach,jameelrehmani3,nor_nor1200,rnrn_04,trojanhorsekyle,nineww_w,ynumason
GEOKTNPK;xxhoneybaby,jyotidhonchak,orhanorak,mslalma,nor_nor1200,jameelrehmani3,aun_komyo,twivirgin,ariovaldopache1,trojanhorsekyle,gptjmtpj,memeproviders,csanl,mindereien_m,grapefantasies,rnrn_04,nathannat22,chandra34693227,ynumason,taylorsuewift13,koimax2005,vbwtmqwiuxjtpi2,nineww_w
phoenx7;phoenx7
simonddegalbert;maurertim,celiabelin,jfpactet,simonddegalbert
Rabiaandrea;cfieldif,rabiaandrea
SyrieRevolution;...,syrierevolution,i
DOFreport;uglibrary,strosow
hepypurnomo;pks_tirtajaya,hashtag
gailymalone;gailymalone
eldjid2;eldjid2
makeupbymira;dangregoryhair,makeupbymira
TheGabrielBauer
un4_all;wajayceesmi,nepsci,lmonsmith,syevuo,rssdgs,energyfaye,un4_all,desire_health,stephanetrainel,unstats,juliatomei1,undpindonesia,sdgactors,cristinasuarezl,ohm_anne
muzahara2;ammarsulaiman91,prof_milhomem
IAMConvfefe;katoeo_c,abdulrashidqur7
mcmancheno
BeshrAlkhateeb;actforghouta,maitelsadany,nabystander,itsmenanice,khalf_,razanspeaks,nedal_alamari,995khaled,ahmadert900,hassounmazen,joeyayoub,amalhanano,omerkose2000,dirarkhattab,ahmad430raqqa,syriarandd,kurtpelda,andrewhirsh,group_syr,bivi_17,nouraaljizawi,ertanusta5,malak12d,syrianforumusa
DinoAfuera;dinoafuera
atmncr;atmncr,zkakkaya
fadhilfahrenza1
Sarah_Deniz;sarah_deniz,pulvertafthands
Janice12B;taylorsuewift13,mslalma,noejimos,memeproviders,aun_komyo,nineww_w,mindereien_m,whaaat_itskris,grapefantasies,csanl,nor_nor1200,jameelrehmani3,samanthasimpact,1dog______daily
reyhanakcay08;ambarorrla11,ssefas,acar_halil67,clivia_allves,masorbulent,falfarsi765,patata1071,deheinzelmann,lala_monteir,shaelikel,defocuk,danielamc2611,weedqueen101,mocha_moda,khaled44456,ucanesra,aysinkbay,ferrari6565,kayabey,promatyavuz,reyhanakcay08,gzdeckluk,jujudeleski,gbulam,serverdatca
TheNeobro;theneobro
scarlyle;statuses,i,scarlyle
On_Point_Skillz;on_point_skillz,on_point...
