chats72;rispettoconsult,scottmadams3
JVER1;iheathena,jver1
MPCorps;lenrhodesprez,mariepalmatier
suwreobez;jazesz,soosoo05
deborahann770;nov2018election,audreypark88
shirleymears83;rambobiggs,imperatortruth,cernovich,ygoddanielle
HornetStings
INVUQT;yutkevich82
Bass705;bass705
Parineca
bentley_maxie;jvh241,amantcaraibes1
jdclements50
gregreed59;mvp86hinesward,drewgriffincnn,bakerb52,gatewaypundit
2the_hill;2the_hill,allenwatson23
ThumperFLTRX
nedlam87;nedlam87
k__douglas;stillgray,search?q=%23hfpa,healthpeteacher,coverwife1,search?q=%23shitholecountries,hashtag
twighlight3000;lanamae138,maddieheldman,twighlight3000
Re112noBWM6eerV
mac9153;sheilamh77,fayefrench17
DurhamNtx
Keenan_Fitz;keenan_fitz
DunlapCheri
KayOrnella1;kayornella1
royalgamegurl;london2024,royalgamegurl,...,paulalinschoten
helpingthos;llena_deodio,marinaferni,mariktbone,sys2506,diazyonca,licnun28,quotesfromdaria,nanatipoua,bacmymyriam,iamhanasophia,mardieve,ara_delfin,diggler2002,melisa314,karetown,helpingthos,dariamkg,ivanaromeo1,dominotrino,spankbanks,erinwnorman,mel_gilley,grisel_1976,liebland,babylon_on_fire
akuma_river;shelleyrisk,shannonwalsh17
mariannvogt1;max888racing,chuckgp
Oski_oui_oui;huberttemba4,huberttemba1,ballzdeepstate,huberttemba,nazitrollwatch,oski_oui_oui,hashtag
BonnieLonteen
idawhannadoyou;idawhannadoyou
jizzi1;jlogsdon03,gottahavechanel
ChimeneStewart;chimenestewart
BeckyEubankCox;beckyeubankcox
zackmomma;pranay_s_nthc,ottoforoffice,jose_22_luis,crider15,sherev,rnsassy,ian_arnold13,gbouclin,mitchellnejame,ethan10enderlin,willieg1202,brookwoodnation,uhhdraymorton,4380f37265a3415,thinkle10,jamesthestjohn,calebpage20,clay_prechtel,jenhansen31,hillarizer,emma_shoupe,ryanjharkin,nikhi088,bwurch_34,waterscmw
9999Lee;w_terrence,itsangrybob,danparoro,qanon76,success87473781
KimberlyNips1
TonyAnt13926671
Shehera30155811
Peachorino;oregonelf_,zefrogmaister
gienaeveritt
z0egirl
MADavis1949
JoHastings2;evancass76,paicelisa
Valkgurl
fyrecapt12a;background05,seanhannity,fyrecapt12a,mshvls,mill_mentor,claytravis
LisaRoseBaran;davidgura,politico,lisarosebaran,hashtag
DtJazzypeach;dtjazzypeach
Just_x_Saying;helzbeth_,mantillagabi2
ActiveNCapable;nikkipeters10,billlugg,ryczajchris
oohlala143;oohlala143
sudeepkhatri;fergtweets,icarlyfan2009
pearly2004;pearly2004
tammywalt61;shannon4t76,tammywalt61
edwinkoch5
lenasparksmiami;rachelle_gaynor,lenasparksmiami
EddaGarzo;eddagarzo
AjReyesKnowsAll;ajreyesknowsall
BrianPaulStuart;brianpaulstuart
DeniseKirchubel;nbcpolitics,tedlieu,nicole_solari,richardengel,hashtag
Luckylaurie2;scottpresler,bucksexton,hashtag,luckylaurie2
Mybrightsideof1
PaulStanda;barjavel80,archpics,johncardillo,gal_deplorable,hashtag
WilliamWmcquade
Cinster52
ka2wye
SERD1983;fernwoodarmory,takzlwej
BoriquaGoddess;domesticboriqua,boriquagoddess
Lioness90726217
JibeTrader;jibetrader
tgpschmenk;tgpschmenk
ex_lefty;ex_lefty,soshiiiin,consandliberal
fisherhaven92;hashtag
MoniqueCook20;wbickley47,ellesemporium
J9Matthews;kkmillet,boomersciguy
burnschade;hashtag
bubba_jameson;90_freitas,vicentetorro
jeffreadwrite
MCoventry6;tor1776f
VINPIN67;vinpin67,captainjanks
kolleen1957;search?q=%23facebookdown,georgesoros,kolleen1957,hashtag,mcarrasco818
WeidnerRoger;statuses
Balenciaga90
jtbrown77
olereason;blnkwave
5d0f1e7c12e94ca;5d0f1e7c12e94ca
usa_1again;usa_1again
JoshuaVaughn777;noelle_lavine,madyjenner,leroy56andrade,abbybailey35,hanna_asher
honeyloc;tordotcom,hashtag,brennabue,honeyloc,denisedkendall?lang=bn
Hahndo2
LJ92037;lj92037
77Letsgofishing;77letsgofishing
akmi921;akmi921
wowsimone
NicNic541;nicnic541
EricRWalters2;ericrwalters2
KShackelfordMD;kshackelfordmd
LorrieGGriffin;anon_decoder,trans4ormu,lorrieggriffin,militaryearth,robert_w_ga
1_kamamul;clinteastwoodla,shesallsoul,jackposobiec,education4libs
TerriMarsh11;terrimarsh11
milmanaf;milmanaf,nasviola
SmartTvJunky;smarttvjunky,bookworm1018
sakimasse;sakimasse
BallZzD33p;ballzzd33p
Rosestonetravel;miyabonus,karinaacxx
DavidW5666;bruceharlow3,i,davidw5666
NancyJe71661285
katgulbronsen
SLSmith000;kmakj11,tsplanets
Amber_444;amber_444
UchaK85
chiefsdiva69;chiefsdiva69
LupeWeb86569709
docthewondercat;docthewondercat
onesoldiersmom;onesoldiersmom
Laurel_Bunce
BenGran;bengran
indyintx;baohongfei,kirajia
TaylorBanks55;21mikey,coachlujan24
Mykalbq
jamesbuckley;msnbc,jamesbuckley,betoorourke,gerrymartinez,jdawsey1
CasualCreature
MiaKerick;muchasfloras,miakerick
JerryA76
WhoWolfe;whowolfe
dac_mav;dac_mav
Maiden751
stweettweets;su7en,smugmugfans
SkySageStudio;skysagestudio
jtaylortowry
szarego;i
SkydanceAtheist
Trose5238;aslepsky?lang=da,trose5238
Analisa_Swan;analisa_swan
adonna4351
Resiprocity1;smeyyeobanolu1,behninad
badov49;rednaxala,katherinvii
earl1943;statuses
writingdownpat;ganonimaggie,_nymphea
FirstFire2008;firstfire2008
lonegringo00;lonegringo00
doubledittos;nicol_milluzka,sanjoseoptica,search?q=%23chihuahuameme,mary
KarenKi37844976;stephcherry2,camillalibrary
crystalballpam;marie_lohr2,senatordurbin,hashtag,royalairforce,crystalballpam
AmyJ26848467;@amyj26848467
poppasilverback;coachschimenek,poppasilverback
jupitergirl;jupitergirl
dalecanfixit;tbggibson,mahmoud_fadaly_
liberama;geowilkinson3,liberama
mimi_mcmimi
pfwicket
mrjleexx;mrjleexx
HeatherGuffeyh
thechiefkara;thechiefkara
LTC_FOB;ltc_fob
tdw1000;ryanafournier
tater282;samuelladepill,nemoinfinite
cac_ac22;teachstjohn,stjschools
ALoesner;aloesner
PantsOzzy;pantsozzy
kakempen;kakempen
GAHRPIRATE;@gahrpirate
BigFootBetty;bigfootbetty
solana_martin;mcswildcats,socialwestca
earaliehs;dumlavinia,tammylcrockett,westernfayre,damnkaate,msellarose
EltonAJMenezes;compengbatch,nagvekaraish
doccigar;harveystaub1,julimoodystunts
karenlmw;angelicakduncan,nsjak4ever13
Arctic__char;arctic__char
drhoctor2;hashtag,drhoctor2
SpeedyZZZZ;speedyinthehous,speedyzzzz
bjividan
W_K_Martin_III;rssscranton,calebrj
Delmarva123;6818fa7d1251412,alnon08,omjooody,hellixir1,apqw9jzjd33rmrg
BelBlok;o1d_dude,johnmagausa,greg52451,drfessel,dwofford63
TJStevens13
RichardVerMeul1;joeywilkerson,dogbrea54656503,thinktank03,jouni_rantanen,springbirdn2016
MississippiMac1;ascdmastertrump,wolphkaat,qedu20,jesusneversaid,chondram
Yastreblyansky;victorsktf,baggiosgb
CbCynth;cbcynth,kylegriffin1
dmsherfy;dmsherfy,dawnsherf
pam53
moonbeam655;moonbeam655
RealtorJairo;realtorjairo,sarahtormeyre,huxleyboyce,sarahqeytravel,ljacobsonquinn
pgrandee10;pgrandee10
NorthCountyRP;northcountyrp
SharleenPlacek;hashtag,sharleenplacek,pilotithigh,_dwendolis_
tkarmazin73
TruceyGee;pfoltzed,amcannon6,stevenmccuan,am_wex,robertvorlon1
Genethesoup;genethesoup
FauxLinguist;hashtag
scottf6f
Kit10Kate;mmtamarkin,heatherballrdh,unclehenpris,kc_laugh,chupameesta10
DianeSteinberg
sef762;josiemagee,pgn3540
DeiofSavannah;deiofsavannah
PaulaAlquist
41Princessgrace
merrill2n;merrill2n
MGBaker5
MikeDav30683574
WorriorRanger;worriorranger,statuses
RichPlumb;richplumb
fansbabyboy;ponbloomer,ggoodthighs,aileen474,amandagriggs,hannah_wayte
MQBD66;avfolk,hashtag,mqbd66,realdonaldtrump
melinwy;chanctil10,salinaspabloj,pendletonhypno,ericaedowling,padiman02
retiredERNursie;retiredernursie
SillyGlenda;sillyglenda
cwilliams1113wy;cwilliams1113wy
TFedrigon
HH_kathy;hh_kathy
jtuttle55;jtuttle55
1958FRO;biddyb_31,paulamarchese
gingin21;gingin21
jewbaby57
ShShShShShSh555;bloodless_coup,shshshshshsh555
niffer230521;niffer230521
JoshBB74;joshbb74
gjoe770;gjoe770
markcstevens14;297kaz,llan42,crit10neo,makopako64,brother_london
deanna_earnest
davethebinman;davethebinman
davidsh01060735;socialesteacher,rocky4959
SassySouthern10
VidorDave;imawakenowwhat,vidordave
robert_hameroff
tom_tsetung;desertshieldss1,tom_tsetung,soldieronthego
ChrisDanicic;chrisdanicic
ThatScottSmith;thatscottsmith
stevenlaststraw;stevenlaststraw,texacalirose
Stefny1Young;stefny1young,pappiness
SpicyMustang
MafeerSantiagO
obedgranados1;enes_kanter,search?q=%23findacure,obedgranados1,tonyposnanski
lesaluvs2golf;lesaluvs2golf
BettyBlakley4;i,bettyblakley4
Texas_Rose52
Macawoman05;macawoman05
Canyonlandsgrl;canyonlandsgrl
sherry48071358;sherry48071358
Synnoveah1;perlmutations
ToddMichaelsen;toddmichaelsen
duffy1467
rswanson117
BStephen54
OwenMeeny;owenmeeny
A1lilDog;a1lildog
NCgirl007;isotv207,richvine223
mtcsedwards
pinnie99;pinnie99
mzzgotti1;mzzgotti1
RicGonzales7;alchemist_code,aubreyofreason
msholmes2U;dalesullivan,rogesl,helense32036212,svwickes,vincent5127
sis78;sis78
basedhombre;cernovich,vp,charliespiering,s1cco
jothar;jothar
AmericaFirstC1;hashtag,statuses,usavscordoba,proudamericants
TheWholeDamnNet
forgottenson09
margculbster;i,margculbster
Shaw85Tim;shaw85tim
rogeramos6
right_nicholas
Oc1013;oc1013
DDunahoe;ddunahoe
bjmccaughey1;bjmccaughey1
sunshinette;randy_seo,sonka_belochka
ArleneMonahanCh
jackque50344693;emaratyfirst,...9,government_9
erikclee;erikclee
Loristalcup1;loristalcup1
DawnMacc;dawnmacc,dr_chad_tew
DestinSailor;soulkissedlife,tarotatlante
DaBoz28
Gillsome;i,gillsome
Occupy_Update;cubix78,oarsmat,sercumo
sammill01550904
crawfishaka;crawfishaka
multidolfan;multidolfan,davidperezcort5,fiesta_andlove,lisachiong
mark69694712
douggie64_van;hashtag,wendypriest
LeonHunt52;leonhunt52
ceemee1212;ceemee1212
StepOneAfrica;steponeafrica
LosDeplorables;saramoerafaty,danieljmccabe
rm1evo;rm1evo
NPete2;npete2
tea_ryanny
michaelfromolg;weld_james,michaelfromolg
Konell;hashtag,konell
626Robyn
sshep_99;kingofcheese3,sshep_99
sixbennetts;sixbennetts
gaslightmystery;robertportwood7,gaslightmystery
msfit60
SeeHumanity007;ultimatemarvpod,harlskwad,hashtag,ryandaly01,seehumanity007
ukloner;hashtag,ukloner
BrendaWeese;seacastlees,calvaryfb,tygaboxsystems,panomeia,alicebrowder
joycemarie33;joycemarie33
Beantari
battleofever;amymek,battleofever,phxken,education4libs
DavidLewCooper;davidlewcooper
honeysiota;kingkrankor,honeysiota
bublynski;bublynski
boho_joshua19;moderateicing,nelyanara
Patriotancestry;ladyimpactohio,lilindian,jjliberty,cymoo1,tmcustomtickets
EnigmaNetxx;defeatdiabetes1,enigmanetxx
the_dj_steve;the_dj_steve
BettySwernofsky
PolitiSphere9;debbz0rz,politisphere9
trueTrumpman
chuckbrown7;chuckbrown7
McGuiggs;mcguigginteam,bodderek,chelseapablo
DoxieMama007;farmersmarketfl,mzoj00
rfaulhaber;rfaulhaber
rwwhitton72;rwwhitton72
sunga_tito;sunga_tito
ZahnKlyberg
SakalaJeff
KimGould;kimgould
AttilasAdvisor
arguin_diane;arguin_diane
leslierae20;leslierae20
AntifasTrigger;antifastrigger,danv1911
DawnDCS92;dawndcs92
simpostings;caitlinmanner,natashaania
ejabel2;ejabel2
Jenny76636665
jmarch77;jmarch77
kbravo77;usasfcnews,kbravo77
hieraro;hieraro
Eagleclaw55;eagleclaw55
orangep3;estasmith15981,trump4merica,hayleybrightyy,wilmiller,rskjr6400
_edwardmondini_;_edwardmondini_
BernieDombrosky;hashtag,pscargile,brucearians,adam323434
tonytrink1969
Blahaaron
hansen_olive123
MordantFV;mordantfv
lauralvpb;lauralvpb
MemeBurk;memeburk
aspmom5;pageantry2,mrskhuie
Baby_Blue_2013;anarchivo,g_hosluer
JCannyE
gingermae333;gingermae333
geminigod;balagan_films,agisedson
vividrose0o3;andrewwk,vividrose0o3,sandratxas,sheriffclarke
Confederate265;confederate265,kimhawk18755218
bjd0994;oysterwithanr,rusticronco
TopInfoBlogs;topinfoblogs
TexKatTex;cmcglohn,texkattex,@cmcglohn
Haley_Greentree;williamarpbehrn,uhohguns
mgrimm920;senduckworth,mgrimm920,publickspace,krassenstein,jordanuhl
kepplejl;kepplejl
Sheindie;sheindie
MurrayDgmurray
PhillipNanni;phillipnanni
OMGyernotsmart;omgyernotsmart
BarkerMom;barkermom,las_law,hashtag,nickiknowsnada,abc
oh_riba
FjvelezFred;fjvelezfred
jkrayi;tattoobandit11,cooleymoose
JustinUlster
TroyCoby
SierraJacobs14;sierrajacobs14?lang=ar
kevlarpb;kevlarpb
Gerardo8aV;molliesdadtaken,cayman_health
mickivoss;mickivoss
SBJDFW;sbjdfw,dionjamie
nosmh
SonsMary;sonsmary
lw2062
lynn_weiser;jangobear,lynn_weiser
lhmist
go63blue;go63blue,sarahjump79,dlrsintern
lukeistre4;nickbentley321,allisa_smiles
wendymart69;teamdriveshow,rachel_harman
Blues_Fish;blues_fish
ishancarter
Jim54871055
JusPlainTalk101;jusplaintalk101
DeplorableProf2;marymnsharif,badshas58338129
ValFarrellySF
katriord;katriord
TazKHC;tazkhc
JohnWallace30
bruuklin1
PoliticalShort;politicalshort,hashtag
Begood2menews
Freelassie;kevinwroten,freelassie
BLBReed
BigKell13;whak_uh_mole,bigkell13,hashtag
Sheep2Wolves;sheep2wolves
Tarkan291;madamaqua2100,hayleyvic21
candyapple721
shesparky;shesparky
jlstreicher1;jlstreicher1
Shredgrey;shredgrey
cmbatesole;dellacooper3,soboy,politicsjograce?lang=ar,hillaryclinton,tanviaswal
KristyMH75;boo_hoo_booung,kurageabuku
bdworkin;rachelofwv,hattiehathaway,lauriedtmann,eykis,_rockyourworld_
FreeSpeechEliza;trumpsblonde2,kimgordon0209
lrlecuyer;joeinthejeep,lrlecuyer
KFranke66071;kfranke66071
janicewhitmire
martiohare;packet0,thegreatnewcsa,theswu,hashtag
howells_brian;66f6d16a39034eb,aguilarsm17,nugenstreet,revsheazell,animefreak668
jgertsema;scottlepke,brianney1,danswartos,troykidderco,tmitchell212
LaurieHouston19
189jacoby;189jacoby
ASPWired;aspwired
RogerChris52;florenceanspach,kylegriffin1,rogerchris52
Hearsawho1;hearsawho1
RachelCohen12;rachelcohen12,chinmoconnor,yankee_doodles4
GavinVolaire;gavinvolaire,thedailyjaws
bronwyn1140;bonniep58,bronwyn1140
CheriJacobus;jonathangparke1,donnatweeta
LattyDian;junogsp5,lattydian,watchingislam,i,cwtalley91
wise_diva
Lpg0827;starbuck13502,joyannreid
Dloissr
Randygoble1;i
clinchmtn316;clinchmtn316,fixerofthings
USA_Forever_1
shortymouse09
safapou_cherie
LandauCamar;beckyjanetye,gomankamila
Arcadio_Matus
gary_kray;justsayit_trump,njmonte,thebradfordfile,hashtag
bsimonnolibs
Trumplo46575066;aina_fairy,ucvog,1dog______daily,noorman2020,rajukum91437351
K1er;k1er
Vicman9777;vicman9777,adaahisofrasi,templo_salem,vv_mineral
CatholicLisa;catholiclisa
tice_stacy;tice_stacy
libbamcenery;libbamcenery
BmoreRight;bama5000,_onlyintheusa
dittycommittee;dittycommittee
TenaciousBIG;tenaciousbig
melanoma321;melanoma321
cs0058sc;thefakedontrump,crookedmets,inotoffensive,terrellouis,a_vabel
dayofroses
OmiKatja;omikatja,celinedion
knowlton_paula;power_arranger,unclesamsson
syleisw;syleisw
jeffreyfreedman
buttery_valerie;buttery_valerie
4annegs;4annegs
steve_feezor;alinejadmasih,realdonaldtrmpu,@steve_feezor,fishlewidaho,the_trump_train
CWWhitt25;vic_plante,statuses,freehandman
A_anon4Trump;rduriavig,realspoiled,mgv19118,pitbullracing32,hazards4
JillJack26
mng2mala;mng2mala
peacecreep;peacecreep
EllenTrailerDog;ellentrailerdog
LindaLouJones13
jkru1421
ChristineM9713
Colony14;colony14
MotherofXenkarr
Melinda46288149;melinda46288149,hashtag
soapdemon34;soapdemon34
icognito007;icognito007
Steffs_tweets;jaramillowilly,steffs_tweets,mr_bunn713,winsonics
goosedeals;noseroman
menmagee
mckownmi;mckownmi
fragglefeet;bonshodotco,chilitodamian
herburger_m;boing00001,rmhenry1henry
SunshineyDays13;ginob1962,zfpla
WRdog2121;ramirez08aaron,sisterkcjoseph
fray328
TrueEmbodiment
WhosGoneGalt;whosgonegalt,i
ArmorMatrix
bri_h__
GenAugustoP;luistaechi,maxpedreros
EricBarnes_;ericbarnes_
Beauwhite16;beauwhite16
RWCinUSA;rwcinusa,i
vegasdude83;vegasdude83,sphinxlikecrux
vsansome;mydogshatetrump,fredericesq,pickmekitty36,sooleybong,elite99thc
Xpompier77;xpompier77
Kross1128;kross1128,otterbeinwgss
nerdygirlrenee;nerdygirlrenee,statuses
Planet8Girl;planet8girl
JohnMiltCatch22;alwaysactions,jacobawohl,johnmiltcatch22
Kalaax008
balanceforever1
PatriotSally;momokan1105,bigmmac72
Glammytami;polishprincessh,joy_villa,prisonplanet
steelergal126;steelergal126,jayboff,gianna_4_ever
lishamarieh;valenciaerika13,tedlieu,#!
gretabenito5;opearlsofwisdom,zineb_gharbi
abbaeema41
1NANCY;carolinaspsych,dmmoore712
rainerickson
ConstentinoTina
DrQalbani;crozenapavalley,drqalbani
105267;citramellow,edbrodow,ethanoppenheim,jacknalan,alicenwonder7
timmacd64;timmacd64,lion321123
sdmccoy4
DawnSCrawford;magapami,dawnscrawford
baby9er;baby9er,thomasstarke3
MeSharona1
RadioTrumpster;yourfrontd00r,radiotrumpster,thescarynature,anon_decoder,antischool_ftw
holly_thor_gaz;hickorymtnman,pr0650
nunyabus1
machinephd
SchnaubertM
freeusfromdc
TexRepub;camdenlathrop,powderspringses,i
crusader4US;jayde_spirit,crusader4us,hashtag,roguecinderella
sunoshineon;sunoshineon
RuthEvans18
marshbean;marshbean
ChazGohVan
PorteRougeTea;porterougetea
vandidaad;vandidaad,i
wilburrzz
MrsSaucedo2;principalmsd,jaboukie
Banatigh;banatigh
borgeshl;renovamidia,prisonplanet,nntaleb
AssataProtege;hashtag
BrynnHeart;brynnheart
Leopoldtweets;steverattner,dabeard,leopoldtweets
Jpwizzle;officialbrianab,...,amandadbarton,uberhaxornova
Skepmi;amarah31,blumes15
Maryannepaulso3
TruthBlooms1;eenx,palkarajo
Beth0214Skal;saracarterdc,beth0214skal
almita1963;realomarnavarro,hashtag,foxnews,stevekingia,adamowenstv
jparks28083;jparks28083
Ksweetsoap;fencepostxyz,chip1218
dwlove9;zizibell33,amounakais,turkialmalik,dianajamal5,fantasticfacts2
tea0704;tea0704
FreedomNetNews;freedomnetnews
golfsally
Conspiracylizer;scrtsociety_bot,illuminati_ji,salviusslays,toriibird0707,juanman84792386
sande_smith42
MyrnaKing;art412c,josephomorrow1
Larsonwalton1
dboaz75;ogden_dale,kissimmeepolice,1776stonewall
TLaCostranostra;kjnofconcord,tkaouachi,steviebabs2685,sprucetechnolgy,tlacostranostra
ecks_raise
ProBizConservat
ETaff1;etaff1,satiras_piadas
gerfingerpoken;kelly2teresa,edmatik,saneplanet,wplbos,dpappala
bruce_fritts;bruce_fritts
chrissiereilly;atnor,angelabozich,1830project,drdenno
sherryr705
juliecarveth;juliecarveth
Statesman2;statesman2
bonniemurphy;bonniemurphy
MaloneyGerri;maloneygerri
CharlesPritt233;g1rly_tattoo3d,charlespritt233
TomAndrews777;coreygrossjr,truecoptic,bigbluetn65,deplrablredeyez,raelene081281
elcid1491
rcola1955
Kaffir_Pride;kaffir_pride,732_martel
Csdavis44;csdavis44
AlRobins2015
GamerBABE3;gamerbabe3
MusicWriter561;musicwriter561
stickmanwillie;stickmanwillie,i
MoJoGrow;@mojogrow,mojogrow
EnlghtnmntLbrl
CalGal2483
KikiAdine
timcook44;timcook44
phil200269;phil200269
InfidelSupreme;redpillprinces2,jessdelucax
LuvVolatility;donstephensjr,tldicola42
RBinhammer;karaswisher,rbinhammer,adamcb
arobbandtheboy;janetkehoe,sarahhanner
jilleebadger;jilleebadger
Ajdx4Sdesq;swensenjesse,donaldtruump20x
mldkirk;dawg_knight,cureforusa,graciacrz,retirement08,sonofnun1
catherinevandeh;whitespir1t,catherinevandeh
ZaiaFan;fauphtalk,karlissafauchon
PoloPersonGwen;polopersongwen
LindaMH6219;lindamh6219,joeymiller35
ubermensche1;ranchorelaxobnd,thetrektweets
rlheuser;rlheuser
JackLGibson
daynaltyler;daynaltyler,renato_mariotti
mobile_gumshoe
MariamWatt;mariamwatt
okiedok45;mitchellvii,okiedok45,thereval,nfl
MichelleBlount9
Northerngoalie
Lynnlittle08;jennymcjennface,lynnlittle08
CaryNovak;ariokullari,chasereaga
MarioJukic;mariojukic
EurekaWorld;eurekaworld
rdmcmichael
stacey572110;jrpaws,arr_scott
brightangelhike
Sassypants524
DaddyJim52;daddyjim52,01firecrackers
SoniaJWilkins1;wastaffmark,illinoismarc
NoTrumpJewel;ljalawless,lilrdvet2,omimargo,amy_bitterling,suzannekelleher
shadowskills308;jibbajabba224,reisimcatli,jibbajabba224?lang=hi,tolonovadilet
TheKristenHall;thekristenhall,...
wdumee;wdumee,polybots
ms_nmb
jhank1962;trump20204maga,badscr,isu_judy81,patrick9271949,1js_usa
Jenasummerlin;carlosjuliorodr,outrageoussmith,elinapradhan,mariorangelopez,jubumen
Cult_Freedom;culturoffreedom,cult_freedom
LdonneLibby;@ldonnelibby,ldonnelibby
NenBach;nenbach
DrmsTakeForever;lisamei62,ani,drmstakeforever,hashtag
Belinda56663933
WastelandSybil;wastelandsybil,biagio960
JeannineRiviere;jeannineriviere
3LeggedDemon;3leggeddemon
redheadedwitch2;redheadedwitch2
FardigJudith;fardigjudith
SergeHalytsky;honduras_aa0148,mikemw86
bob_dennie
GinnyRebyak;ginnyrebyak
robertjohnson11;robertjohnson11
molly4704;molly4704
auley3;auley3
sherri_massoli;sherri_massoli
Zen21Karma;jncramb,carolinacop2603
Michael2559876
DRPoets1
sydphiluxy
KimC31169;awwpost,mandytattoostoo
nancyrutas
rosiegee818;rosiegee818
PattyWi32545124
mikemarbach;mikemarbach,askleezul
MarkBecerraSr
pstflag;nuvic21,gopiwarrier,mongabayindia,wildtechmb,gen_belmaker
MrHarrisAWriter;stephaniefishm4,mrharrisawriter
jay_trevi
rikklar;rikklar
Terry907biker
CashBama;cashbama
DebbieM95376523;debbiem95376523
kimUSAStrong;kimusastrong,thenoahring
Mannyburden
ChatoJasmin;teamsterr07,rhondagiannell1,carolvanover
genuscygnus;genuscygnus
MZHemingway;mzhemingway,dannydraper68
RandyMi72633637;randymi72633637,ashleyrparker
LoriHasso;cameron_gray,carrieksada,washingtonpost,lorihasso,golfinggary522
DingerBubbles;realdonaldtrumo,trumpfansmemes
goldwaterkid65;guri24hr,norgagladiators
MikeyAndMarilyn
LouGehrigno4
jimw81
NoEliteSnobs;noelitesnobs,gracechandekar,jeb2016bush
AmericaJoe1;prestofresh,ambivious,americajoe1,serafinvestor,frankgkarkazis
erikbrown154;binsacksb,mcgeeskittles13
Pray4DJT45
AlisonWolfMason;msuman52,calebsepeter,jstiddy1,benjawenjamen,jacobcrogan
Jessie54973670
dabrewman7;bsoazadlondon,dabrewman7
betteranfiction;betteranfiction
heavenshope4me;heavenshope4me,1warmachine2018
Paolalopez1971;paolalopez1971
HorriganWill;horriganwill,i
TrumpCat04;trumpcat04
derbybbb;derbybbb
alanlisap
AGrimsky
LHV926
MarilynEstepp;marilynestepp
pfel;pfel
LazuliLady;espaciodeluz_,xalyson_sx
OldeHippi;eatwild
BeverlyMann19
TheCaptainUSA1;thecaptainusa1
jwils0n55
becomingjenn
michlynnc;c2f39ac5d2c4405,sheluvspink2013
TomMcLa89830248
SubmarineN2Deep;submarinen2deep
laineymel;abardini89,rocelauro
tricia_eastham
SteveBayrd;stevebayrd
NevadaJack2;nevadajack2
boredlatenight;boredlatenight
vjbrooks12;vjbrooks12
jude2719;papperdgaf,ameliequillet
mildredmud;mildredmud
PoliticAlBor;politicalbor
LuvsShinyObjs;nvizzo,1stpatriotism
littletujunga1
LIVEBIG1;livebig1
WeinerFran
JLeviAllen
MtRushmore2016;hovighanna1,mtrushmore2016,brianmendiburu,manymanager,northhighstars
applegherl;krissy_caster,hashtag
gladirish;bulldogstrong,twtchleprechaun
LynnStuard
HighTechAztec;hightechaztec
bucketofloosers;janzforcongress,complex,bucketofloosers,hashtag,emmettroselover
BillboTex;billbotex,phxken,anthemrespect
2017TRUMP2017;jason_tobias6,2017trump2017
MargereyC
Gregmichael78;staton_ss,airwolf1967
Nelliellama;nelliellama
tom_allnutt;tomas3percenter,hunterschwarz,hashtag
PilgrimzProgres
thaliajen;thaliajen,i
MoreySmorey
TheCarCzarsPage;traditionalholi,thecarczarspage,carguytx,hashtag
Wisconajb;wisconajb
RavensAndOhs
bureau131;bureau131
sonshineandrain
sainttoad
SgtRollTide1;marcusconradba1,unifiedpreps
kathy_borthwick
RPacilio
ScheyChris;scheychris
ajmlmm
101piper;limbackxc,cooperthegoat13,lrleskela,hillarizer,mysteri759
deplorablelori;truthbringer7,missjeandonovan
jeansonnelaw;jeansonnelaw
jabootysmom
Martamendoza718;martamendoza718,johnnymac2220
rising_serpent;rising_serpent
FoxNewsDay;alvin__yono,zoopa69
davis_ronney;davis_ronney,@davis_ronney
TeddyFlorida;teddyflorida
LeemanMichael
toriiey;toriiey,hashtag
davidlazor51;ricohorton2,niztizzle
RickWilson1948;murrayfieldps,yandastore,poetrysocietyja,silvinapanizza,_nutricional
shamus_kevin
dan_rar;dan_rar
NickyNew
cornock60;militaryearth,counterpart_stz,usmc_army,cornock60,chuck91051
functionalabc;functionalabc
melvict;prisonplanet,melvict,hashtag
Censored1209;rick5292,hashtag
nadi_garnet;nirmalrupanshu,pairingewinta,hsm122333,midonoormo83,...
d8f83701457f4a6;d8f83701457f4a6
RealJohnGrace;realjohngrace
CuisineCandy;cuisinecandy
snarky_op;snarky_op
terry5b;terry5b,benjaminwittes,jonrothstein,gobearcatsfb
Wydady40;ericgarland
StanHalbert;i
BotsVsTrump;riveromestre,botsvstrump
DaveJSmith5;caliguevarra,producershybrid
bretplate;bretplate
ODukakis
H3LLDATA;bretplate
Judgepete81;sofokleousin
barkmartin;barkmartin
vemagni;sassyhef,kellersam
realbendel
CharlesAWilli14;a_kapustin,plowboyrick,wowimnothere,ruslan...
smartvalueblog;smartvalueblog,statuses
ReddyBluesieDog;reddybluesiedog
MIRedState;aspasia27mx,s_a_b_l
TressaMay4;yrofchange2016,wachasejr,rjmetoyer,jameshouston59,ellevogueandme
frodo3245
MiddletownBuck;5cocainecups,_christ3
56jakesmom;56jakesmom
Dada0071907
LeslieLee327;ofdeplorables,luiz_sayha
lindymomma;lindymomma
GigiHargrove1
sandersbrooks
TruthHurts50;truthhurts50
lsstaub;search?q=%23notog,rinconlevantino
Ballaban;ballaban
jrporter2290
CLTSMretired
newyorker_2016;key_tracey,1witness
akdesiree1;akdesiree1
wyndanser2
ESRDguy;esrdguy,i
tagrant13;lamonicasloan,digimagic3
martyvidnovic;kenburns,tribeca,martyvidnovic,wmarybeard,wokeluisa
Sqid65
rccda12;agnesclaire,rccda12
coltdefender45
NebreLa
gemma7272;gemma7272
TwittaChicca;twittachicca,herrerialugo
poundbells
SanityForAll;riku2700,textile_anthony
HaleGaming;halegaming
DonnaMillar322
krinskydad61;agentofhydra616,krinskydad61,i
andeboer1
Holly2360
n7tek;n7tek
TheLamarckian;arlocalhoun,anni_cyrus
LaurenDownSouth;laurendownsouth
bootystank71469;sportegro,grammatam52
AllochkaFL2017;kylegriffin1,statedept,natashabertrand,renato_mariotti,statuses
VSprus4trump
I9YPCKBsIWg2Ima;...,i9ypckbsiwg2ima
them4dgod
BentHorizon62;vapinggoat,paumarfull
foundin77;9ea308cefb3c465,jeleeartist
avtppdave;avtppdave
coloeditor;coloeditor,search?q=%23capsulenyc,cia,trey_rhoedas,truthrer
RobHeilbron;ewat98,robheilbron
Miknmic96;miknmic96
esparhawk;esparhawk
brianhutzell;search?q=%23fuckcensorship,bobbyhoeppner,brianhutzell,hashtag
JusProphet;jusprophet
newZombieRight;feralmursenre,maschinengott
forgedbytrials_;forgedbytrials_
Cocacolakid;jennaseeks,mctweetalicious
THEPET17;thepet17
DustOffVietnam
youngheejin1227;writerduet,youngheejin1227
Janinepolitic;i,janinepolitic
YohJudy
jimboazil;jimboazil
BirdieJules8
princessearl1st;@princessearl1st
deesbarbara
WREvans_atty;mailsport
IowaPhats;afarfxx1
DrDrobReport;tomdohertyfilm,landon_klug
koaga7;koaga7
TomKattman
pappou;pappou,hashtag
LucyShoesOn;lucyshoeson
missmalevolent;missmalevolent
Whskrbskt
WilliamofTexas;williamoftexas
LaWilson2006
Caz_D_Vagabond;caz_d_vagabond
PeekyToeCrabs
DougSides;wokeable1,1deplorablegirl
epeterd916
Diana631424761;diana631424761
RobinVel1991;realcolinlouis
deplorableny
SuzukiMartinez;suzukimartinez
mauimermaid1;mauimermaid1
gisellenursep
covfefecocktail;tmirandelaz,sachibub10
loisimo2;baixiaoming,kimkzapper,tiggggerboy
thegraceharding;macokiziesin,aamandanelson
d_fucile;heathermeyer2,lexy_myranda,dirt_monkee,omconseil,rafoaural
D1Kirkaldie;meep_meep_speed,mypillowusa
SweetieWalker;sweetiewalker
Midge4tea;excelera,locatory,indrebag,vladas_va
SandraleePotter;thecjpearson,markdice
dinneysmama
FirebaughNorman;firebaughnorman
timkling
MatthewCronin9;angieshustock,matthewcronin9,srlourdes,dianeeldredge99
TKE917;tke917
shadymapes;shadymapes
MariEastman;williamgohn,1yhwh
TomTuTone1
mauigirl10;funder,politicalshort,jeffgordonweb,mauigirl10,dallasirey
jeffpaul;jennyfilipetti,estoniaball450,jedmiller,davidlance3,thelocalathlete
flakita_vc
poetsnight;poetsnight
TheRealUgom;therealugom
MikeZJay;magayalini,tondrump
Proheights;ureake35,cbrownpeanuts
HappyProgressiv;amerresisters,apwriter
DennisPeterson3
SolomonNOCO;solomonnoco,mikescintoshow,mrraymonds01
vkrahl_v;vkrahl_v
SimmonsGmarlins;simmonsgmarlins,_gfranco25
MarcoNavarroLor;marconavarrolor
Liberalyogi;attitudeideas,liberalyogi
wl1902dad
kaydee234;kaydee234
zaptrapped;spokanetom,speedracer2001,correrom,projectshogan,ninaandtito
TheAngelofWrath;theangelofwrath
chandrukeswani;abhijitmajumder,chandrukeswani
Hollywood1240;hollywood1240
daniellejprt;newyorkheadline,petearc51
1fanofgiants;lindgrenaren,giantspridemx
Churley404;churley404
audreynorris81;bluepillsheep,audreynorris81,usarmyreserve,missterydiva,hoosiers1986
MyUnicornsMine;myunicornsmine
tylerthomma
SarahPHendrix;sarahphendrix,hashtag,justinchendrix
BrynReagan;niamh_nb,pissed_mothers,vinomentary,rancher523,winewankers
JimRd1973;jimrd1973
StegallMargaret;lucecitay,workslave,cathyvaugondy,merryrambing,stegallmargaret
USACindymartin;ladahdee,rlbogart123
79vetteguy;amantcaraibes1,xitmore
mflewis81;diamondandsilk,dfalco5
Jdhickspi;jdhickspi
JacquelineShum7;jacquelineshum7
JStrickRN
ExtremeCarnage1;tmuiller,abbieteece
fish10007210;fish10007210
jimstinson;jimstinson
Wyman1950
miaculpepper2;belislechi,jesusneversaid
1BessieSue;1bessiesue
Putin_TrumpMAGA;necroticnewt,samvalancena,sister0923,being_retired,mark_azak
Krkand33
penny63434309;nheil154,sofiasoso22,damiani_belen,miskandars,tony_jkk
alisonandersox;alisonandersox,shannonrwatts,mattfoley09,hashtag
Cannoli_Joe;cannoli_joe
SusanVermazen
ShanghaiSweetie;trumpa256,jaydiam98139271,wordswurdswirds,vannsmole,thompsonrusty
neciretheshadow;neciretheshadow
dm1299;dm1299
bab_tinkerbell;bab_tinkerbell
Gmanc95Castillo
beachgor;5422sea,fawaz_74,okanusa,mujtahidd,bakobakobakoshi
JanetTavakoli;janettavakoli
AmandaThigpen4
MOredneckcpl;moredneckcpl
sweetsuthnpeach;struggles35421,mrs_lauricella
DoreeeV;anastrofe_,elrincondela1
dsdr2011;dsdr2011
M5B1tch;qikipedia,fayettevamp,m5b1tch
MrsAmerica1776;doratimus...,koba200x1,...,jphero_like
Kate_Chase;kate_chase
LPMCalamar;longtalljude,ladybarefoot_j
Wendy5962
DoctoreSantama1
chalzamora;chalzamora
ReneeB_75;reneeb_75
Barris4u;barris4u
livininpa2;livininpa,livininpa2,mattzelinsky,sbnationnba
dm92
miaapp23
ScottWickman;jagtennis15,scottwickman
PennyDeplorable;sher1264,dianabijoux
DarleeD;darleed
TrumpsKitten;michael19711992,pgr1969
NotALoveS0ng;@notaloves0ng,notaloves0ng,hashtag
tuberose14;i,tuberose14
MaxineInOhio
BritTheHarpy;brittheharpy
vettwright48;vettwright48
brklynmind;brklynmind
tamara7958;tamara7958
LoveAmerica516;loveamerica516
Socaloverrated;socaloverrated
marymjoneil;pdoggcollins,corujo_l
Torchbug;torchbug
TinaK2011;tinak2011,sebgorka,govmaryfallin
MamaB_L;mamakuz,leonoracravotta,garryphelps2,jonathandwein,conservativerwb
Bonzer56
MaRaeBates;maraebates
marsialynn86;marsialynn86,statuses
seaman_joanie;seaman_joanie
JewelNevin
annie5133;annie5133,hashtag
pep12491
revolutionvote
YouKnowWhy2017
TampaBayNowThen
prriegler
sunsetpark1890;azora26,c_galindo
Karen10304;tmddc,mitchell_b17
patriot1cavalry;patriot1cavalry
soozbo;soozbo,ayezaakhan92,tlgzmn1,utasonglove
haikujimmaui
sturm_tracey;iamshelbino,julianassange,smergi_rompe,sturm_tracey,prisonplanet
TXIndepndnt1836;silsbeeisd,texasdar
cjroyer71
AnikoSz1;anikosz1,anikoszilagyi3
rorobin1
Buttercookie51
SENSUALPHOTOG;anti4gop,circeariadne
lynettewilson67
burgener_sue;burgener_sue,@burgener_sue
wavetossed;wavetossed
sbalfawulfgary;garylytle,sbalfawulfgary
Nation_017;nation_017
Tappatron
cwestemeyer;buddyfett,smithmachine13,redreaper51
GaitaudCons;purrpatrol,gaitaudcons
Strongerthanit6;selegrafica,miriamrubiogray
Heather04158958;cernsen,heather04158958
Doleah
marsha9753
lewdever;pfoltzed,am_wex,amcannon6,stevenmccuan,robertvorlon1
troopermylove;troopermylove
_CarolStuart;_carolstuart
pattykanan;dorichats,pattykanan,katzonearth
mona_pajares;dloesch,dineshdsouza,tomfitton,mitchellvii,dbongino
linsal;blumblebee_522,xxdreaaleighhxx,allende_m,paoandworld,leewooton
CapshawEli;capshaweli
RealDarlingDeb;cbinflux,sodagrrl,eponine1949,fullpsychorecs,bookgirl8
RubyMagnolia1;rubymagnolia1,hashtag
jot_au;jot_au
VPICSMANIA;realsaavedra,cnn,vpicsmania,hashtag
LoveTrumpLibs;gladcal2011?lang=ar,lovetrumplibs,abdurahmanhama2
Mzzterie;mzzterie
VivianBart1;yankeetechgal,vivianbart1
BrianBubbapisi;jcarroll6_7,rcolemanbonner,lambtiam,vin_dingo,honest_abe_babe
eatmyshorts9712
CaliSuds;calisuds
_pcantagonista;lauraloomer,harry1t6,hashtag,search?q=%23scalise,antischool_ftw
kate_serr222;lindaspalinda,kate_serr222
LauraButler6;hodgeszane,megaliberty18
vatislovromanov;vatislovromanov
GetawayGirlSC;alamer5143,aina_fairy,ucvog,noorman2020,chandra34693227
gwgillett;gwgillett,i
Rolandvanking;rolandvanking
theplayer6950
Sumergirl84
anonwulfhund;redhood1872,pepeshitposter,i
Ludi2shoes;chiara_codino,partecspa,secondcontarmy
kristen_ckr
hogz_boss
TheKrankyGirl;thekrankygirl,htown4trump
robbipl;robbipl
PatrickW;barbarahamrick,gcnichs
DakotaBlueGirl
7EzioAuditore;chipgorman,vidaurrifelipe
ktspazz81;rvawonk,nancypelosi,shannonrwatts,womensmarch,alexiscoe
LadyLiberty411;ladyliberty411
pborch
BolsterMass;bolstermass
MAGA_Patriot21;maga_patriot21
SchauerNiji
therealkenitto
nerak0331;starlowell,llmajer
Carol38553;carol38553
TKeyholeUMBRA
DriedPeanuts;driedpeanuts
MeganSmiles;hazan34000,megansmiles
CarlHansenMD
WhiteLionz;whitelionz
robynthomps59;genbot7,juliemortillaro,robynthomps59,libnotstagnant,johnfugelsang
WillwhatsitoU;willwhatsitou
LepposaurusX
carlgoolsby12;monjoies,gopnigger
RJ_1A;rj_1a
blindfordrumpf;blindfordrumpf
carlabrn57;i
chaney_tx
chevalierjd;i
FirstGeekGirl
LLC_1988
emmiegray;emmiegray
TrumpedRSM;stephanhaans,ultron40mm,4jonelson,fxst003,jesusisthesweet
Hemmelgarn;hemmelgarn
bruceruns;tiflynnspire,colterm
DonnaRo86165010;medward42534655,mahatmohamedib1,melaniasflotus,marco15trump,sykesms4a
KleptoBek;kleptobek
navychick1993;navychick1993,wpritchard01?lang=ar,wpritchard01
KurtSchingoethe;tspyrnal,courtdavv_
BillySpillwater;trumperland,billyspillwater
davemcwatters;southernramslax,leathernecklife
SunnyJL52;sunnyjl52,i
Mike94002447
N8forHawks
lourdes93195410
MDavidMorris2;thereseosulliv2,dianachic1
mharry860;stacymelen0l,mharry860
EddieZipperer;eddiezipperer
0620Letsgetreal
therealjenhall;c_onelovestile,rag3_technique
booksellers2;booksellers2
bosoxbruins;kenlynn3,nknox14
JamieStarrr;tibetinfonet,jamiestarrr
silverbulletguy;mezacabrerarene,silverbulletguy
JulieP3383;mmzelada,carlos_lopez_23
TheLeftRIdiots;theleftridiots,mrsscottbaio,cameron_kasky,hashtag,hoosiers1986
jstfxit;jstfxit
chivalya;roads2diverged,foxesplayflutes
roxkarn06;quarianequation,isotoporadio
dlccld1;motusmirror,search?q=%23motus,ib_official___,sriboyfrnd
jansonsutton
BrandonBEP78
BerzerkaMirka
Shawn03976147
Courthousemouse;bookpunks,courthousemouse
lee_borden
chandra_gego;chandra_gego
billmcclure_usa
MarieBeford;mariebeford
LREwoke;lrewoke
thegster10456
aAmberDMc;aamberdmc,hashtag
jmkmini;bachelorburnbk,sarahdunsworth,drudge,hashtag
PPatriot4life;darkfiber580,1maggymay
DonnaBurris13;donnaburris13
Plantflowes;marietitus9,plantflowes
TexasMadDog11;texasmaddog11
Patrici76267702;patrici76267702
espritdecorpsna;i
lady_calvert;jerome_corsi,cernovich
wink_nod;wink_nod
LatinoAgenda1
sofbal22;mugebakioglu,nogomark
andreanorwood3
mlhcromwell16;mlhcromwell16
lta100163;dannysullivan,i,tvietor08,hashtag,msnbc
tmbrown327;tmbrown327
DHallNole;datt___mavis,klpx2
GayleRashidi;foxnews,gaylerashidi,foxbusiness
oobed;semicolonblog,kawaiidoubutu60
azawakhguy;ludmillakoslow,azawakhguy,atlsexyslim
JaniceTrohn;janicetrohn,exoexool12,nicolewintherch,ree00099
dsarnett
fasting39
Robert29103
AgnieszkaSumme1;agnieszkasumme1
Lucy24Smith;ncreb88,karenbarbosa61,hashtag,ltc_fob,lucy24smith
RBCUfan;aynrandpaulryan,simonenoronha,search?q=%23falsepatriotism&amp;src=hash,hashtag
NatashHunter
vonnmonaco;tonipp98,prgreetings,craigdeyoung,donald_ferreira,brucefeiler
maryshanon;maryshanon,rkamp34
elguapo64;javiali04,curleypatrick4,deadlyfreddie,redskins,elguapo64
DMHord1;dmhord1
kam6190;mardenenglish,luisgarcia_gil
aoadair;aoadair
YloJakt;ylojakt
Thomas_Hall78;prisonplanet,bubblesmoney,hashtag
dslyoga;hashtag,waynebutler4,dslyoga,wellbodymind,daintybrighton
wgri1949;wgri1949
MishWeber;chels_ux,molotovdrunk
Larrloyd
mousymama;mousymama
SuzieQt154320;suzieqt154320
TomVogel17
MikeAtlas;mikeatlas
rattlinbones45
jadeandgoodness
remzhumphrey
karenvance0810;caramastrey,karenvance0810
BoydJanko;marrymecharlote,jdacosta20
LItalianoVero;litalianovero,statuses
Remmy76535478;remmy76535478
Trumpsmypreside;trumpsmypreside,castlebravo92,marthamaccallum,hashtag
DianeCva;dianecva
0516_864;irrational_fan,0516_864
NatalieHatchet2;johncardillo,seanhannity,magapill,clevelanddotcom,nataliehatchet2
dreamwriter9;david8hughes,dreamwriter9
BUSHADEMOCRAT;joeamericaunite,bluronda
RadiantKatie;business,radiantkatie,lrihendry,hashtag
bobbybnews
WhatCandyThinks;whatcandythinks
Deb8151
4tybin;marcairhart,4tybin
neighhay
crisrice;crisrice
Mallieyork;mallieyork
BubblesTift84;bubblestift84
SteveInRTP;steveinrtp,talalthabet
mikeebboy;i
Fijirama;fijirama
srsmith667
tinaenickerson
flgidot
MarisaMillerCA;matociquala,countyofsb,marijose489,marisamillerca
Debmoley;scottadamssays,richardzuc,kpdblu101,raheemkassam
truthcounts4;blkdiamond97,truthcounts4
Dtrain147
beunitedagain;beunitedagain
buntline1960
Mike29636033
FingerTheDyke;fingerthedyke,fitd2011,i
SurrettLinda;salaslani1404,marwanmsm83
GregRgreg32
Richard28353205
KrisTheodore;willcain,kristheodore,hashtag
KyndhSouhl;kyndhsouhl,anweshkumar13,thehotdogstand
georgiaboy1210
rush4141;funtiger8009,3pitomeofa_king
heba_lissa;mmos727,wsyrf42rrv1l4to
JustinFacts2
Thorshammer02;oh_flaka,ejrue
alisetteo;benshapiro,hashtag
faith_nAmerica;faith_namerica,i,t3_4trump
KathySc65174870
Gregory9;caitlin_rowanne,nzdale
ManuKum;manukum
JamesRogerDavis
ysitko;ysitko
JOEROWE409;joerowe409
RexTillersom;kuba_dyrda,phskline
BettyM85;courtneykh24,pkupfner
iamawake47
nancymarie4159;nancymarie4159
Davidtemple73;ehscottay,darkorbit,fotobbm
wendygwiazda88;zhangshuai121,brianklaas,chrissieevert,nme
VicktoryaD1967;vicktoryad1967
rkvl;rkvl
Coalitionvoters;coalitionvoters,statuses
Dean90066;realerincruz,dean90066
KILLABORRACHO;killaborracho
EllieRusie;ellierusie
cyndim19
CathrynLSmith1;martijna2,shanefalv
luckykash777;spicierjalapeno,iminhidingdude,etrs60,629244,rsv777
Maggie100862;janice110352,maggie100862,i
Longshoreman20;longshoreman20,raunila
GonzaloBarria
denny_roberts50;denny_roberts50
hilton_jere;lyznick,hilton_jere
PeterRosianul;ebraun7,potustweet
GPalhegyi;jenaspearin,madorning
Vickyjeter4
SharmilaW
irma_stone;irma_stone
jinx510;ialanpark,jinx510
Michelesteigne1;redpillprinces2,rosie_posey319
RuthieRedSox;desertriver,donjone30606049
DustM_D
Gomaleni
jan_laguire1;ksouth4trump,loduv,jan_laguire1,ericbolling
Saintsational9;angelwa30348694,sethabramson,sethery97
Americancrawl;americancrawl
Mike_Grills;mike_grills
MrsCarrion1;teresablakely1,mrscarrion1
DeeLoralei;krmmph1,alanbowser,poppa_mel
seabrooks68
LarryHealy4;larryhealy4
NeilCassidy28
brian_warrick;brian_warrick
Rmuller12758038
