Mama_thebest;nabeelhot6,1dog______daily
kryessi;kryessi
MaggieRicker;mustangmadd,drtahmed
AmazingDVDss;amazingdvdss
gramzoutdacut;gramzoutdacut
sonofnels;sonofnels
emilyh4yes
rilee_writes;rilee_writes
Rustypot;rustypot
Termuende;briannablaney,jaredlafitte,termuende,hashtag
chaseelliott8;chaseelliott8
Fabled_Abel;statuses,fabled_abel
jimin_blues;newseason1013,rt95939395
digisharan;digisharan
tatiauaaa
hdwatson;hdwatson
Belle3387;belle3387
Karroooo_o
MusicofCarolina;musicofcarolina
queenheiwa17;bap_baphimchan,janitt12
mybabyforever10;bencarboo,sexhaver4200
enriquetormos;enriquetormos
p_smifff;p_smifff
adamfaidzul__
cornergiraffe;_caiomgomes,mcuglie
_oliviaangelina;_oliviaangelina
NoSurrender314;nosurrender314
TatubelaCP
Barbie892;theladyharley,knightofla
TIMURHANSON07;1dog______daily,abo2016moaz
LiteGDog;litegdog
magnus_maldini;magnus...,magnus_maldini
SpicymemePUBG
nelle4us;chandra34693227,1dog______daily
Thefatmobboss
Nightmark313
elsbet;elsbet,i
nada_algae15;nada_algae15,atulkatti
MaddiePaigeeee;maddiepaigeeee
ElPacharaReal;elpacharareal,nazbolgang4life
Lily64702499;aibehmw,ladywarrior29
JamoneK;jamonek
Ke_Nz_Ie19;suemaxsue,kaylimarieblog,hashtag
carlott10034868;rajendr26654540,chelsey02155331
Seth_Huts;seth_huts
LegendMaker96;mlg,legendmaker96
mtschackart
BigDxddyAsia___
NaturallyAlise
sotomayor2020;sotomayor2020
RiLSNAG07
FoxCarlynfox;foxcarlynfox
AdamPaquette_;adampaquette_
abalekpor727
corresponsal01;corresponsal01
KsanchezKing;ksanchezking,kayneking
CSaussy
charlesadams012;charlesadams012
CHERYLARNOLD19
AlyssianaC
revraygreen
jasperscourtier;jasperscourtier
MomoBae_;momobae_
SultanMarc1;aina_fairy,memeproviders,1dog______daily,whaaat_itskris,mucha_lee
tompolites15
UnholyGensPod;i,unholygenspod
RonJellison;ronjellison,bluepillsheep
cjmiller4848;cjmiller4848
jo_starbuck;chandra34693227,1dog______daily
ilovemayward11;paviajane,homapo220611
GradyHughes4;suzziecarey,rhbaseball15,heiioimcookie,hashtag,sonmanvb,callmeweave
cschindel
_ChefDon_;_chefdon_
NastyNaj;nastynaj
tenej
L_O_ELLIS;l_o_ellis
rsalvop;rsalvop
Emanv_24;emanv_24
jayaitch1;jayaitch1
subtrycher
pmeese;pmeese
SheriHerman10;sheriherman10
tartantom1314
josh_valdiz;edisonzjl,lwmun73
isntthatkamarii
celticode
naaaaaanaaanaa;naaaaaanaaanaa
__b1ondee__
Kixberry
vbctrade;awayscrypto,vbctrade
Baylee_dyann;jenjenwolf,heathernicolee3,crosbycort,hashtag,baylee_dyann,hanisabella20
LarleesWorld;larleesworld
PixelJD;liamkelsall,pixeljd,ruhquel,polishhomo,keemstar,chris_stuckmann
KingGamer1197
gbielby19;gbielby19
GloverDziyar;chandra34693227,1dog______daily
Lacarissgirl
ShoxMagic
lammersk
TimothyYBarrett;timothyybarrett
chrestusoil
doxiedachsie
Joey_Nobes
s_rewritten
gregmullins22
zahkey12;blackgirlswinni
stfustepph
thecementpond;thecementpond
woitekj;woitekj
debiowens;dermold,taxmarch,hashtag,i,earthunitedres,realdonaldtrump,debiowens
valenciageneus
murrayorr2015
mbmk7
woahhhdatsee
DunerEnglund
xAntoTraverso
Phostir;phostir
Taylor_Made20;taylor_made20
xjacksarebaex;loveyourselfue,juleian5
ClaireSplan
toxiclves
DBSjunkie;drakanous,search?q...,hashtag,ruso_tv,search?q=%23dragonballsuper130
Austin18735993;bencarboo,sexhaver4200
Invxsxble_Bxlly;invxsxble_bxlly,statuses
joanpaurue;teresxrep,mjjefer
meowomon;fvonscott,ricknoy5901
WazeTrafficDen;wazetrafficcin,wazetrafficatl
Linnu101
headcarsbarbra
MinneapolisArts;minneapolisarts
plachpalach;plachpalach
ZairaAdams
The_Ring_;the_ring_
DonnaBrindley1;debalwaystrump
RachelGonKCMO;finslippy,ajkwailes
baby_ercy
Bliss_Martinn;bliss_martinn
315Evelina
maelorin;maelorin
RadioXUS;radioxus
Park_Jimin2414;tassaneewangig,guccitae_99
VisitorLong;visitorlong
irfaneddie;irfaneddie,visitorlong
Sandybelldell
juanfco90;juanfco90
Gina10581826
DebraHange1;debrahange1,i
JustSwayne
Tull007
angeles1697;raksal6,bahfelicia20
d8f83701457f4a6;d8f83701457f4a6
TLocay;ladyhayley2017,450podcast,cobrakeiser
EvaNor11;bencarboo,sexhaver4200
GenerationNASIR
ArenasFaith
truthseekerd;middlefinger00,sexhaver4200
Luv4Fiction;lancehodgdon?lang=ar,pandeyesha,search?q=%23romance,hashtag,trejo_erin,ruchiwriter
kujakupoet;kujakupoet
Percy_Jackson24;percy_jackson24
justlernjergui;ecarolina1d,army_wangpark
Hannaaab_;hashtag,hijabiswag098
yankee2479;yankee2479
agbsbride;lmlyholland,thenicolabean,arianagrande,privatebocas,agbsbride,beherlight,arianatortoday_,babyboofashion,kenglenton
JournoJoshua;inquiryandsteak,electricarchaeo
ryan_hall0805
catbb33;catbb33
newzgeek;newzgeek
Nancizenner
kwakuspeaks;_nellebee,nylesxnature
karilee743;bencarboo,sexhaver4200
MelSweatshirt_;melsweatshirt_
shadyhive
clawjumpv4;giannifanucchi1,bally1378
EKouza1
LonaTka
ColbryL
xxi_ulices;insidetroy,freddyamazin,narduchita
khalidanabia;...,sameerk04689533
austinImao
datyoungbul
CDKUMAR47;cdkumar47,i
Keri953;gabbyreece,keri953
ErinDaehler
NorRaziman92
Gronk_MUT
SamiurFerdous
raygomez500;syfygroupie,raygomez500
GlenStJames
NancyDStreet;nordstrom,adamparkhomenko,hashtag,hbarra,amy_siskind,zerlinamaxwell
wenlicrypto;hentaicrazytv,i
LOTP_14SHAWNM;lotp_14shawnm
OOOHLeif
alijens09
Moni_PeW;cbm98,chinijopablo
lovesoverated_;lovesoverated_
Cave_Bot;cave_bot
Ripkaylah99;kaylah_estrada,ripkaylah99
arinroses_
congressmafia;middlefinger00,sexhaver4200
BTS_OfficalFans;gabriela150582,abigailbraga15
ItZmeKatherine;itzmekatherine
DYapicioz;dyapicioz
WhoIsRob_Franco
indiemusicplus;topmusicmafia,indiemusicplus
dothedrew25
slaylikekea_
Kaur_Dalwinder
Cyns48;cyns48
MadiPhyle
AlexBoulton7;usembassyniamey,statedeptpm
214Man
marypat1234
JohnJuncajj;middlefinger00,sexhaver4200
MichaelPrete78;michaelprete78
South_Indians;varshithpuli,tyagiintrepid
ct5062342connie;ct5062342connie
academicguruus;search?q=%23onlinefreedom,ibvpn,academicguruus
austinadixon;austinadixon,utahgamesguild
bftp_ust;bftp_ust
KateBarnard11;katebarnard11
petefittante;petefittante
willdesireemoyo;willdesireemoyo
biaabsilva
MackenzieFurta3;faeaquilino,mackenziefurta3,babaeng...,babaeng_sawi
_aaprrill
krystynty;yoolinda_lim,jsyjsjj
TropALDUBCEBU;tropaldubcebu,tropaldublaguna
PagalanEvelyn;rajendr26654540,chelsey02155331
notbangalore
GabDelaQuestaa;lolerayford,fordyncs
GrliGeek;grligeek
_CharleneN
DukeCd36;_michaelhughes1,liberalvenom
yasmiinmariaa
scottrohrbach;scottrohrbach
JakeSaunders88;jakesaunders88
FairwayQueen
earionnaaaaa;earionnaaaaa
MarizDG12
WoodstockPro;woodstockpro,statuses
mikehall00
theisabellarose;isaella2002,theisabellarose
LIpatriot1;lipatriot1
OutstandingBab;outstandingbab
salmoon9o
sumvet1999;sumvet1999
tanweer_bbsr;tanweer_bbsr,idrissdonnel
TheRealSousa;raque63098,ohstfukaren,hashtag,depresseddarth,markant21,starwars
alunaxo;alunaxo
ILoveGoTandTWD;ilovegotandtwd
aylorenzoinfo;aylorenzoinfo,adventureofshaw
pecaileigh
Tiyaaum;bambooatjima,lunch90_
TOV_Radio;tov_radio
LcswThomas
MusicBulletApp;musicbulletapp?lang=bg,musicbulletapp
sminyoon
hiIIsnjh;mioszrupprecht,naajaal,viqtorivv,_kotekoluch
_iirieee;viqtorivv
cchibiss;kitokah,rosshellsatur
mcatalina1688;mcatalina1688
abir_tanzid
MattDoug401;mattdoug401
mooresarahsweet;mooresarahsweet
zipillinois;zipillinois
neocloud9;neocloud9
TimCook93;middlefinger00,sexhaver4200
Nicolle3215;jazgotsupot,jackmincamila
Happyhero4409;eci_jan,luzil_dagala
ChelseeVianna
CarineAOliveira
dcolympus;nhliga,dcolympus
zesty77777;zesty77777
MBibs;jaydogon,hashtag
dqlovesfood
magathemaga1;beatlebaby64,hibuditsgarrett
FantasticClothE;fantasticclothe
wujuxuanyii;hashtag,...,biascollector,withwjsn
DemetriusOrtiz;demetriusortiz
theonlydwhite;theonlydwhite
Tomeisha;tomeisha
serenityatsea;evietheagrey,protestrumparad
mike_Hall5;mike_hall5
Airyyyfairy
Jugbo
Oberonkanobe;oberonkanobe
AlasscanIsBack;alasscanisback
ckuuleinalani
KimTompkins14;otis_soq,chickasha55
QuinoJP;inconproductio1,brudda_uganda
VirginiaAzcona4;pinkleday,nlyiam
stewartzach15
gumsum4;gumsum4
NatalieLanovill;hashtag,natalielanovill
chiefbeefloco;vp,chiefbeefloco,i
TeensDreamWorld
mariasacchetti;mariasacchetti
olala9033
jaytay777;jaytay777
AlexisDawnHayes
smashmarc;smashmarc
SFdocK;judtheblonde,aliciavicentea
dechendrolmala;dechendrolmala?lang=ar,dechendrolmala
AMZ0NE;amz0ne
ekiloui
Patta47cake;patta47cake,duke_robinson
bailardejesus;bailardejesus
Marvel_Guitars;marvel_guitars
adriannathegoat
legend_daddy928;legend_daddy928
shmula;shmula
pretty2faced
nicolag71;nicolag71
slade37;slade37
Tehudi;tehudi
SantinoB33;santinob33
DefineHipster;definehipster
jenmardel
aisyahalissa_
isitjustmeuk;ibrahimmuflih1,antonio_serpico
DavidWTF365;davidwtf365,i
Bev_jesus
GabrielScorolli;gabrielscorolli
TheNoirZone;thenoirzone
ialways_turnred
ManiMartina;manimartina
BoldWillArise;boldwillarise
_celia_marie_;csidoti_,_juliaagarcia
ilubtvcos
lsmith4680;lsmith4680
daiszaib
GloSanders00
patyatthedisco;patyatthedisco
LaurenMacSki;laurenmacski
GregGerstler;greggerstler
Susme12
seaskinned;seaskinned
Jacksfilms3
BTS_ORIGINALS
hanificouldfly;harryazoff,hanificouldfly
CaffeineAbuse;karinda20,caffeineabuse
Shawn07520276;garygatskillz,captainitm
carcombat;carcombat
SafeSelfDrive;swalsh153,tchwojko
filosofo_21;pato_riquelme
carabeni;carabeni
nanreh93;i,river_vuelve
V8Sheppard;ampersandprize,dymocksjoon
jm64892;jm64892
One_Dandy_Guy
staymaddening;staymaddening
Saydaa__
StacieA_H;staciea_h
_trinity_faith_
78_sagar
lesbiantankie;lesbiantankie
MikalaJayy
NATIVEALEXICAN
maravilla1999
fetishforkcc
macky916;macky916
Gifted_Blessing
malifeforme;malifeforme
sergio_dericks;sergio_dericks
GeidyPerez10;geidyperez10
arizona1day;arizona1day
RealTrevorReese;realtrevorreese
Angt_USA;romerjaci,rickruff23
frederickforres
arrowscoach;arrowscoach,deepsouthwrx
wotomydoing;grumpyfred3,wotomydoing
LordZedd15
vperezy;kurber,cpsvballcoach
MaLoRoMa;maloroma
AngelitoMaryse;ot5_camz,cabello_facts,5h_votando97,6gulity,favsofcamila,celeb17n,camz_jonas,camilahotstuff
NjJawad
KisstonUpdates
Southern4eva;southern4eva
myl_sie;myl_sie
rieyyyyy
YYolanda73;yyolanda73
20dtrump20;tonybradshaw,papabearnc
hellnk
peterdiane01;peterdiane01
CaesarXIII
spenney8051;spenney8051
patrickmame;patrickmame
stevenherrin;bencarboo,sexhaver4200
DavidBugnon;davidbugnon
SavageFictions
Ksweetsoap;hashtag,vp44
AmberlyLago;pauljon54388869,dspencerfearnot
kmichelletho;statuses,kmichelletho
alwyslikeazomby;smpg1029,vely_jk97
DillonCasey;dilloncasey
QueenPortiaa
tan_mai_ke;idkchels_
Cinianwidger1;allertblijven,ian_widger
DerekJohnBryant;derekjohnbryant
twitrartexhibit;twitrartexhibit
debbie_smisek;debbie_smisek
concerned669
MarSJackSon
Aniyyah_Xo
halljjim;halljjim
JCarloLuna
C1t1z3n33
ZasH_GanG
UpendraSinghT13;das_sawairam,upendrasinght13,...
steviedee_33;poorlycatdraw,brownekandy,thefrancklefl,jenniferniven,tinatbh
rustneversleepz;karloberkovich
Anniston_Jobs;dubai_jobs_uae,cornwalljobsuk
justkale_;justkale_
MasterBlud;thexblig,daizoren
Susaninlaguna;i,susaninlaguna
StlBluesFan2018;mogirlprobs,stlbluesfan2018
carlito_1006;carlito_1006
sarahbollinger7
thatpower22;thatpower22
AirbnbHelp;airbnbhelp
ravito_
khaliesaaaah
Heather_Lawton;mandyjo830,malaise_pichot
Fatiha30_
timps15;tnpaw,timps15
TwinPeaksDudes;twinpeaksdudes
AnshulPriya1
LovaticHustler;portalmaispop,zayncuiture
kimbrethauer
TopherToaster_;tophertoaster_
Jonnyflipz
jmorrison7554
laaerie;elifkopuz,veroxx22
zodoeradio;zodoeradio
fjganat;fjganat,i
diana20pereira
Zay_Doe4
ChloeDocks;chloedocks
theROOFDIVA
CrickChris;hectormazam,stmartinseccha
GivenchyOnMe
racistsbugme
zahranealy;purpleride,pancantampabay
TitoSeverus;piolinpinpin,mari_llamas
su_gine;milksuga93,chrisanthaniem
xtinalyricsbot;xtinalyricsbot
MaccLabour;macclabour
saintjake_
Jampiergarces;drenorale,pentaelzerom,gomita...,lahiedraaaa
itshaydeecoi;itshaydeecoi
ChassBvby_
HicksTrae
River2Flow
BobMacAZ;bemorecareful22,ixlr82c
Raul724;raul724
grameenaust;i,grameenaust
grandpabronner
okjackiie;hechos_1dbtr,kangdanieldaily,ksohyepics,daehwinet
fizzywillz
hannahedmonds99
chocolatbises
Wrxbelle
mlupita163
JRFM_Radio_Net;jrfm_radio_net
sailorkya
debbmiracle;debbmiracle
SensoryBeans;sensorybeans
PaulaMarieKC;paulamariekc
lab321;lab321
Sandwich_Cake;sandwich...,sandwich_cake
AlRobins2015;alrobins2015
jthanbyers
onIyxforever
derrnae
pansyforlife
iconicsahara
shahoseok;btsnoticia,minmicdrop
SjSrwillis06;sjsrwillis06
ImgptheeGoon
ARTYNHOGAMEPLAY;udayun0901,i,jambi_115
Bintanveer4387;farukhmirzapmln,nosharwankhan1
Dick_Beninya;dick_beninya
puifaaai;puifaaai
kinginesse
Vminline95
julie_espo;julie_espo
negressnouveau;negressnouveau
robnavyblues;robnavyblues
LizzyRod_xoxo3
Sekwence
gyurstday_;yuzuruhangyu,maimauths133117
chris_dee;chris_dee
seanmelmer;seanmelmer
Rmaryk090976;sexhaver4200,bencarboo
gdogcool3;gdogcool3
KiannaOVO
yaoqi177;zj_lansewenming,yaoqi177
ClarissaReinha2;clarissareinha2
RinShady;prodbyparis,mlbmeme,shadowofshady,andrewhypes,onlyinbos
lifetimefitness;elsproles,sportsinteriors
jgonzalezvences;jgonzalezvences
TheTownie88
pansy1987
f_laflafla;f_laflafla
gloshawttx
Jenniferrr_C;jenniferrr_c
Hucks11;hucks11
sundancr56
shoota_lee;shoota_lee,dearra,briannaamor,ohhcami_,amouryannna
Kwinlan;kwinlan
afton398
Deucebitch_
softjunos;s0ftspier,oliverstarkk,yoongihobis
jbellel125
jbonet0ad;billmunkii,vegarab
lesmarie99017;lesmarie99017
marweko;cryptosave,nmcsavings
xoxobts_twt;bts_twtv,taepulentoh_
GWayEastCoastST;gwayeastcoastst,search?q=%23gwayeastcoastst
longgoneblond;longgoneblond
globejusticegjj
RicoCountry;ricocountry
MvcBandS
liyanaco;liyanaco
marisa_busalla;marisa_busalla,maywardislovesg
GreatDealsGD;greatdealsgd
SWEETPOTAT0314;gokuleado78,sweetpotat0314
RyanProng
William_briggs_;william_briggs_
sherrycarter31;sherrycarter31
davidngraham;davidngraham
sohailanwer61
TeenagePundit;teenagepundit
amasonwatchmens;i,amasonwatchmens
migzu11;pwpollz,lwoswrestling
NaryandikaBagus
AMilito73
KGlass1968;kglass1968
shishidolll
elaynebcool15;elaynebcool15
Zu_daysi;aslamiyah07,dxxkie
Rae20188;rirakku45833204,ryo_teruma
TheSenseCast
WhiteGenocideOz;whitegenocideoz
redeemtime09;redeemtime09
newmirokliment1;statuses,newmirokliment1
teiragunlock;teiragunlock
onlyaoas;jigojisun_0516,blink_ne
SurChristopher
emilyymbn;julihart_,andrewayyee
pawarh74;pawarh74
ThatGuyZ0
pawlerslai
aserlibao1
2DayArt;2dayart
Gienau2613
gtfgtm123
brokebckwoman
SixNTwenty;themetamancer,xmsginganinja,hashtag,harleysarmory,robofallgames,sixntwenty
EvOConnor15;evoconnor15
Sonic_sana;sonic_sana
Kimberly_Ortizz
millyclairet;yuko_niji,millyclairet
PanPinkie
WebTVDiary;webtvdiary
burtybowlcut
lowkeyApsen
yuma2009;yuma2009
dangeratkins
BooksGS4;statuses,i,booksgs4
p_HowRad
fidelsaavedrab;fidelsaavedrab,diarioelpilin
RosalieOpera;rosalieopera
FANTASTICRADIOO;i,fantasticradioo
Kibler898;kibler898
emilyabailey3
KaikyMarcelino;chelsey02155331,rajendr26654540
LindaMc42628447;aina_fairy,1dog______daily,whaaat_itskris,memeproviders,mucha_lee
Chihuahua1900;troy42,chihuahua1900
_majiminie;riema_v,miliibts7
Bree_Curry_
Wyman1950;aina_fairy,1dog______daily,whaaat_itskris,memeproviders,samanthasimpact,mucha_lee
dayms1590
reasonablewlvrn
PastorFurtick;stevenmoldham1,saramtlc1
Silvia0408;silvia0408
Cahokia12;1dog______daily,chandra34693227
john_jakester;johnnycanuck_,john_jakester
_hericaneX;dariof87,annamark28
AmazngDeals;amazngdeals
goddesselysian
wombat_socho;wombat_socho
AmmU_MaanU;priyaraju,spinesurgeon
zoumeband
Jcity730
soaprookie;soaprookie,stevovonstevo
EmmanuelGlezel
MPS721;chrisgreenley,flukeemily
howonie_hoya
tggleeson;tggleeson
ffraga
Styles_Angel24;...,harrymoonchild,needaparabtai,sexwithharryrn,most_r_luv,theharrynews,iharrynavy,holyrrah
archdees
LaurieLMorrison;astemp2,abramskids
hobiglossier;morethanbivibes,yummywaffles107
dapplegrey07;dapplegrey07,i
stratocaster897;stratocaster897
wilberthhdez98;wilberth_hdezmg,wilberthhdez98
jcmarycal;jcmarycal
tearose60;tearose60
EssieMaii__
Domer73;eddieguerra21,coreysampkelly
TITI0855;search?q=%23harties&amp;src=hash,hallmarkchannel,erinkrakowbrfan,erinkrakow,coley_29,susymtztravieso
leolive3eEe;leolive3eee,molluscgraves
RevaTodini
NATTHANANS
viratkholiiiii;michaellat1,miahiggins17
2LosAngelesCA;accidentlwymdus,accidentlwysoh
dewaynw_mccamey;amymainzer,realdonaldtrump
_arrriel;_arrriel,dreezydreezy,jumpman23,demetriaobilor
Ssrokusasuxiii;ssrokusasuxiii
FTLiveHealth;ftbrussels,fteconomics
010997busan;read_0613,tejisu
taehyunggram;taesdickbig,totalgeeklove
EMZTRadio;emztradio
DC_Supremacy;ews0513,search?q=%23잭스나이더,hashtag
ruthzzzzy
brookelgbt
syriaaaassad161;essamerchant,sgtgunso
thoroo2023;voiceisyours,thoroo2023
baessline;arinchae,badhoneyboy
e_entertainment;e_entertainment?lang=eu,epopofculture
Author_Scope
hkmeena1590;realnehapant,search?q=%23sscki13vi,sameerharichan1,hashtag
radreddie;ulltravi0lence,gailsthetickins,cityfoolgirl,bestofsthings,elisaaart,gabytk21,hannamajors
Aristilus;aristilus
Tenji95
Tweettaleetleet
f_rrest;f_rrest
LoriKorn1
aimeexlook
baumann_my;baumann_my
0G_Noel;0g_noel
Bf99Floyd;bf99floyd
JangYuree
linw0918;aina_fairy,1dog______daily,whaaat_itskris,memeproviders,mucha_lee
MtnWilliam2;mtnwilliam2
JakeLeeS_
SWOhioRealtor;yattom,swohiorealtor
SeattleCP;sanjosecp,i,seattlecp
KowalczykHensen
marissaaaxn
mroe55
Foresignal;foresignal,statuses
richardsdan99;richardsdan99,i
zainababab_1997;zainababab_1997,josephbroseph91
graacee97;bts_ig
kourtney_ann11;kourtney_ann11
ToysbyStacy
James_Thorburn;steersmann,captcaustic
Babuajay316;babuajay316
BranNewKidd
justice_iv
1983byers;angelin89694502,maireturner
AphroditeArianr
RLynnHumphrey26;middlefinger00,sexhaver4200
WarOnWarOff;waronwaroff
AntonioBalbuen5;antoniobalbuen5
exfkaty;natalie_mcelyea,amandaxband
master_k666;master_k666
awwqatmayreh;halaalbarbie
sajidrazaak
_selenatowr;_...,selenatorxfans,boyfriwed,badliarx0,lwsgmedia,mylifeisselg,_selenatowr
jamesdmanning1
MendesCrewInfo;mendescrewinfo
RevDwayne;revdwayne
DansterHoldings;dansterholdings
FLLawyerChick;attylaura32940
Ann_InTheMoment;ann_inthemoment
CheeserMa
ShruvDey
unyieee
prosperuthy_oxo;eneuron,beyazguvercinlr
AP_Slush24;ap_slush24
bjatmcw;bjatmcw
DannyMx20;garyreichow1,thehill,mclarissa,sea_2lake,theresahagan6
BilyHoliday;bilyholiday
henrygalvin88;chelsey02155331,rajendr26654540
xuia
huxleyboyce;huxleyboyce,alexvinogradov4
ziminsky6
Dc930Mike;search?q=%23litcrit,blindmonster
TeapotWillie
Tiny_Ree;andreajonestor1,search?q=%23elbowblock,hashtag
desjelly04
JadeFire__;theashleysheats,toridominguez
barr1966_barr;statuses,barr1966_barr
gags2015;gags2015
SalmaElharoun
tonywangchung;tonywangchung
iliwysmendes
JaneBaee
5soscalpallover;styledoctors,rewardstyle
Nearby_nature
Cmendooza;cmendooza
maichorto;binary_evasion,tammypinkston2
intellwatch;intellwatch
ARMYMOLDOVA;bts710aaa,k3n1o7n
robk892;cosproject,robk892
samgladstone661;rayrobertsfilms,stelbirch_
bright_kolleen
JustNanaAma;justnanaama
LKMMerlin427;chelsey02155331,rajendr26654540
_hellooww_
rachelkingmakeu
MexOnu;consulmexden,mexonu
jsgjames;i,jsgjames
thinkerjonlocke;spyrosem,alexandros1909
hellagayhippy
lcam78;lcam78,emmooninleo86
SadieEsperanto;sadieesperanto
EnigmaDayna;justinejaceyc,17chickenuggets,mslalma,aina_fairy,stks_ansoro,koimax2005,1dog______daily,jameelrehmani3,whaaat_itskris,brokenloueh,777solomon,ryan1sm,memeproviders,mucha_lee
tapankumar1110
ryanburdett88
tdhurst;tdhurst,hashtag
_SincerelyDanny
thibauld;bitit_gift,jgperrin
TheKeeper2016
FantasticDVDs;fantasticdvds
chinovvv;ldsprinciples,dinunzio_robert,chinovvv,godhearsprayers,divinechristos
jmccleery27
IndeCardio;arleyspillane,bluesman061
jdx1138;abe_froeman,gofastweb,west_of_autumn,labarza2,stanguss3,austria1754,simon_r_johnson,patricklsk,kentlordx,joserculebras,digital_kungfu,glblsprtsmrktsx,ralzolah,prooffreader,albertpave
Fit_Free_Ki;fit_free_ki,sweetladytr,hashtag,bmorebrigade,cjohnson_89,iamdannistarr,_tallambitions
MamaVickz;mamavickz
AYE_ImA1
ddenny1414;ddenny1414
ParthPatel9;i,parthpatel9
deedeemontag
Gideonsbrewing;gideonsbrewing
red_seventh;waywardxmisha,red_seventh
nspissell
RaeDean2
havenfromheaven
PHIMOJI;iconiclogan,ile_2019,uauzei,nmhl_,bizzlexmine,caffeinesnset,gato98k,ewbetch,whitesunshine72,olivia_horrocks,ivosharlene,x_pennywise_x,sooficano,julchenrmn,fckyeahjake,luzlightcruz,sheerxn1,admiringbrook,keulenbarros,diorrhashima,stwdeals,djany__,brownkittiespt2,misocolorful,tashdasilvaa
bo_lives;bo_lives
merlinnerd922
LoveRunandPray;maatspencer,loverunandpray
lorrainztweetz;hashtag,lorrainztweetz
cbrezzzyy;cbrezzzyy
juampiregina;dube_didier,formenterra
TerryGlavin
LillieR63790476;war20092012,lillier63790476
mariezill;lisageggie,kmerice_13
RealJasonPappas;richarddawkins,jamestbruce
rafarmoura
Always1Phoenix;always1phoenix
vii_kia;manuwh,btshypebot
vivaladeadly;sal_argano,mikepotenza
1weswalton;thejohnnymack,paypal,1weswalton,margaretcmckay,kaitlynstahl1,flip_murray
naturenatalie54;naturenatalie54
DanStiverson
CoachT_Miller;coacht_miller
RichSlate;pucknerdhockey,bruins_diehard
mani_riley;carizdrutista2,biticonjustine,carizdrutista,scottnunweiler,__odd__ball
UKHashtags;vlur,ms_trammell
djaybrier
journalofgrowth
dovisterr;aleksdjuricic,dovisterr
aldi_jbl;aldi_jbl
kwanisea
IamNYSports;iamnysports
edisonlsm;edisonlsm
OrtPok;ortpok
Thoreaus_Horse;i,ohnoitswindy,thoreaus_horse
Banoid1
Kimmi_Lions;auarianator,indigofelton
bsurpless;bsurpless
AmazngKindles;amazngkindles
AssassinSlayer0
UTexasSpirit;utexasspirit
JuliaPop22;bob10745286,jerriccabp,selfies_x,cassidycartwri4,1_tyhghbtgfd,ryandriver157,crystallaflamme
marissa_hampton;marissa_hampton
heyyazliza;heyyazliza
chuerta1;chuerta1
Mr_Trader1337
guadrongeorge;guadrongeorge
ServingEm
SueSuebarker12
Jenn_Yourface;jenn_yourface
C0NIHEALY;c0nihealy,laura_moreirar,lawrencejergi
DebraVandegrift;debravandegrift
joshuapereira27;i,chelseafcimages,hashtag,joshuapereira27
Pam_Flowww
MH370LATESTcom;mh370latestcom
ejabel2;ejabel2
Rogersol99;tyfushond,burn3010
melissa_frank22;melissa_frank22
pinkipinkidu1
nbelalteb;arbwr,moh1232122
NormDGuerreIndy;woodnoted,missmarcianna,leglamp,slipawaynsever,maygregory,wayneakagi,shantimarlar,reginahsummers,nellyphil1979,samuelberliner,one39,andrewwalterum,branch_design,robs_3d,ladystowe80,dmacnlx,sinatrafreak,bizard,normdguerreindy,constantly_a,sodak_blak,freudianthing,nanrug,shoshleon,javakai
PrincilloVine;kuyaedwardusa,naresjoana,paviajane,espinozaligaya,edmay_only,nicolefarochil1,marbuisan26,squedwurd,vince_garganza,crismirakamaha1,djiana07,mahlou13,mzyehsreh,vaimee2,boycotkmay,mwpoopster,aibehmw,prettyliz78,girlzkiebabyz82,christinatabar3,gizamae2,silverjzl,fairyfangirl_,shinezekiel0923,akemi_mayward
curlsandbums
brandonnbny;conductorstudio,livsiddall,gemfletcher,brandonnbny,c_effection
PandaNoonaBhe;search?q=%23jooheon,search?q=%23ヒョンウォン,ashwaqalatoli,hashtag
4ourth_Harmonik
ErinBartel4
jake_slayton;jake_slayton
Menajanet27;menajanet27
DebHHenderson
RachaelBrown95
HananDover1;hanandover1
OU_2XBadet;ou_2xbadet
onetimeover;uf_baseballd2,ufwclubsoccer
nymra_khan
SymoneZoe;geisha_stays0n,itsherbeautyy
suzyqneliuson
JD_Hoggg;hashtag,jd_hoggg
wandab713;wandab713
AoN_Dreams;...,zaidan_sarahil,manga_laboss,komikanakanak
sinnerhella
wrbltprf;calico_satoori,votebts28676373
ishan_snow;search?q=%23girls,search?q=%23palkin,hashtag,search?q=%23masterpiece
RainerJoel;i,rainerjoel,hashtag,jessicaduckwife,dog_feelings
Kpthekid281;anweshkumar13
GodCountryFami6;godcountryfami6,statuses
AlertTrade;alerttrade
jazzyjames;jazzyjames
Amrendr16853831
svannapk
kanyenorthw
Andres_1998_tC;memphis,vieiramendes5
jbuffyangel;emilyyy_nguyen,superallie89
rainynight95
TurnMyPhrase;turnmyphrase
caleb2389
gistsayin;@gistsayin
MorganDavii
SuperMandy17;paolorobertino,chimina05
bmetellus23;hashtag,_lanieee14,jaaaynizzle,bmetellus23
hendrick5244888
FentonChoir;fentonchoir
LeaLea7373;lealea7373,fentonchoir
the_zacangelle_;jolivettemariah,baudoingrant
exophlLlc
jcamilizer2288;seina12official,naya5hsantana,recordexecutive,arizldhkpop,wancabello,williamlwl__,cc97chancho,aiienbxrry,daniela12806240,heartonhavana,camila_cabello,mustafa37621628,shangcabello,cabeyo85304523,angusbunn13,me_laisse,scottchic,leeseoflife,gangnamstyl,alexisdonnmusic,oopswilker,shiho_0702,enadearmas,kyoka_weed07,katydeano
Diceman4Six;diceman4six,wancabello,i
nbc25fox66
HoppMar;hoppmar,dalewr07,embocomshop,emboafc
reece_meeks
moistlord
akeeeela_;akeeeela_
ahumorlessfem;bookoisseur,drgreenbarry
JaySimone1;jaysimone1
poppinassmia___;jaysimone1
ellenmay65;funder,whalloranwsb,presssec,drdenagrayson
izzylikessharks
LoDelHelp;whatscookinbret,lodelhq
h20s;druryrhetcat,hodgesmckensie
tinkerbelledc;coreyksc,patriciakadams,rnsassy,mitchellnejame,lrleskela,jstarz21,million_sam,thisistrishous,ssgsteveh,calebpage20,jrmsnake1999,evan_johnson1,julia_rhea,hillary_cuntion,mysteri759,paul_gossett,waterscmw,ethan10enderlin,hillarizer,cj_vandy18,cslarochelle,hilaryhave,bigkid53,bwurch_34,hillary4america
HunanofChina
raje147;raje147
redsfannc;ty_weatherford2,esass102946,___cam16___,c4mccullick,madisonmorrow1,hillghhs,andrewharmon11,crowley_monica,tbd2477,bugsbudmathieu,haglerwest,taylorketchum_1,popsof3d,joesilvestro3,will_hitstick52,wolfpackman1986,connorva,camthai_,selasdad8,isaiahdorado,tomasfrick,fungstah,ariansmith2,hunterstokely,davidjohnherz
dafnipearson
mcduncan4158
New0rleansLady;new0rleanslady
krt60
EJtheG;search?q=%23teamstillfat,hershey_dipped,bosslogic,drake,justonetfb,hashtag
Russ_Hermans
vishal8211;vishal8211
FrPhilTangorra;frphiltangorra,padregeoffrey
golferles;golferles
gitanshu884;luckysanvi939,rajpreet_insan0
clingydiminie;mrsbaekhyunn,soomintraaa1
mjmh66;mjmh66
kimariaunique
poetrena;poetrena
mary1zgm;mary1zgm
nmickeyblue;nmickeyblue
Aleidasexy;aleidasexy
manifestnz;manifestnz
agapepoutybts;pppeck_702,fridatexon
kvox;estherwojcicki,sf_curran
theres_obted
TNTilmon;tntilmon
kanzaz;kanzaz
victoria7401;rocketfox,victoria7401
lewisft1D;foolforlouist_,niall_horan_jp
MedDailyInfo_;meddailyinfo_
SatishPan2013;spmpdpu,xavierbutte
00DDROP
ColinKramer12
JaxAlemany
umeshbanito;umeshbanito
JDMMorris;education4libs,search?q=%23boycottunited,riccigeri,kylegriffin1
eylyyy;falle_rachel,chismosaka101
stevenmclemens;shaboi,piia_peltola
IceBorg;iceborg
CoachJoeHaigh;...,coachjoehaigh
Judelisaa
shamylcute16
Miraculous_US;miraculous_us
JianED
Retinalia
NgoTheHuan17;ammyexochanyeol,xxiipink,kim_jongdae92,eida_faryeda,sehvnc,suhoberry1122,nourmemo3434,sehunaaaaayeah,beerch88,f8tcsr8khigzv3z,irinnnz,12_103,sehunwillis,_parkbom__,oshesthetic,rheeeee_,sehunniewintwah,froraflora,sehunpics94,raelnarp,babuxing,oohsehun1206,netjent,thiraphat2,kt_arte
crystal_night20;tshinsaku,_paisajes06,drsheikhi,regendphoenix,boccalettim,taslimaakter1,bluepanda0923,tkwzone,wataru0315,lluzmariapena,obi_eightstar,skyblue_sh,hkanenari,yerim9301
busansaus;bangtankookga,vietjimin,ozderki,iaramariadacru7,lowqjimin,cjd567
AmazngReads;decorarea214,amazngreads,...
AuntSophie1;auntsophie1
zarafullasoul
mereeeeeeeeee_
alan_cookson
emily_ramsey
Joanny46
Toasty_Socks;bangtan_yoongi9,lqminyyoongi
MyInfo88036633;adalma8607,rosalia_vasq,gisacarelo,chaudharygaur19
AidanSB;aidansb,hairone77,hevour
poisenotpoison
Chuck_Thompson_;chuck_thompson_
RealStreetsDEN
1_tmahoney;belmullet_cgs,abbeylally00,1_tmahoney,mayotourism,search?q=%23erris,hashtag
nickudie;nickudie15,nickudie
sighthais
MeaganTincher;meagantincher
bj95432geemale;bj95432geemale
boerneaj;r_bogad,serkeftin_efrin
babsamiga;babsamiga
diayunsetya
laurjbrown;laurjbrown
AspecT_SmizzY;hashtag
olabodedemilola;olabodedemilola
TASAmarketing;multilineauto,tasamarketing
Kat_1139_
tscogg5;tscogg5
JaquierLorena
Richy15_
caitlinbarbaraa;silva_vanessa22,mike__hannan,ryan_hewitt12?lang=ca,delvecchi3,caitlinbarbaraa,nickfazari
anddrearuiizz
BULBONPROJECT;rochellelaurenh,bulbonproject
pujianmalam
whostry
DebraLynnRico;debralynnrico
CaseyParksIt;jongothere,glocknra
unpaidpundit
I_InderScore
danielle_must;madelineklynch,sm_haley
ChelleAB
k9_woof;ep0k_,mood_kopi
MoreLife_04
xMidnight_Blue
EllisRitch_
HepferLeonard
codyhirsch
rdlad
mintyoongi_twt;sarumitrash,vlntnaaa,namjincito_twt,_darkcel,sugoi_haruma,ot7_trash,magnetizefeels,hugmejeon,btshodi,soulful_qay,phamtonsack,cypherpthobi,d_mbane25,queencrs,aestaethix,mintyoongi_twt,litlleyoonseok,outrostreet,serenjiminnie,lindszhou,votingbtsjimin4,sopeykinks,taetataaa,sweetsugarms,mochidc
JackBones10;jackbones10,statuses,i
triggamikeg;triggamikeg
MillmanWill;celebritiesdata
xpartelaw;xpartelaw
erindoeshistory
elrobrex;boriboriboricua,elrobrex
Twerk4rvth;twerk4rvth,v1v1dly
nolimitjalen__
PacificOcean_13
CamdenLeahy2100;camdenleahy2100
DanaDeeSaravia;danadeesaravia
