cyoteeson;cyoteeson,ericellingson5
MariOlsdatter;arlocalhoun,anni_cyrus
joshelberg
my_shericoco;my_shericoco,i
UnitedAmericas3
ercansen55;cmengilli,kara123mehmet,fatmakara93,19031903mehmet,arenadasinyo,21_safiye,kalyoncukadir,doktorumbenim,m_anacal,uskkirazlibe,iskadistanbul,talipakbay,otoservisgurusu,sincangenchp,doganayhakan,zekiyekubra2411,burakyildiz29,gertakgoz,hasanpazar,olcaysekeryazar,hasgulcemal,kamildusmez,yonsuzpusula,korkmaz_fatih16,19isoz70
tinaell61718881;tinaell61718881
GreenSolarWind;film_revolution,greensolarwind
afrikanprinz1
clover61021;nit_phong,chanok48055147
VDisec
RezaRally4;rezarally4
Figikung;figikung,i
LetGoq8;alialnemash,aljaber777
ArmOfKremlin;i,...,armofkremlin
nishat76;nishat76
iqbal_nassim
Shunchan1963;lisakuwa
AnastasiaASC;anastasiaasc
Aras1977a;baahaaraan
luwambomlawa;jnony222,jrwholle
WalterMittyman2;av_memet,alia__alkirbay
MegaMandy1018;...,megamandy1018
soysertgokhan;soysertgokhan,...
syriapress_sy
pixelotte
tfowkes02;tfowkes02,@tfowkes02,professor_parks
JerryCarpente18;...,hashtag,search?q=%23ypj,jerrycarpente18
okapa2017;okapa2017
irfannarlovski;irfannarlovski
mitchiepoo46;edwardotrunk,clarkandsonltd
84HgAqrachZTihU
Fishbooom;fishbooom
Canuck4466;canuck4466,itsmebobbyv
HRHSatyajit;mattharrisedd,hrhsatyajit
KooyJan;kooyjan
lokeshw72390815;ddhanasek,lokeshw72390815,hashtag
avgurkov;kayn555,vik14790
CerviniVincenzo;...,cervinivincenzo
Mag2012Ge;drafthealthcare,3sgju7,drfaresalwalan,sevket_ziya,mohammad_khedhr,banan_zaidan,baselalabed1,nooshinmeshkaty,sahailyosef,omrantaffour,laavkyyst4zuzer,3p0yzz0c2khd9fm,ydughim,therebelwalk,aaza88351,morleygareth,saudalfathwa,javiqbal09,mahmood1st
deasach;osarkkinen,sigu150568
muhit_taluckder;muhit_taluckder
davidmweissman;davidmweissman
marciamillsART
khalid_shazia;gulzarchohan4,fardeenhaq
KJPritchard4;lulabelldesigns,carolynjonsun
mrxxpity;mrxxpity
Snarkathon;snarkathon,doubtinggaurav
FlashyTaser;twittersafety,waisodum
Tafsirahmed7g;oykubck,kprgirl
DevonneApril
afosni;dienoctuque,tomedwardson
GOPArkansas
IwannhsXwston
BabzangoFaisal
NippySweetyLass;hashtag,nippysweetylass
Peter__Jackson;peter__jackson,peter...
PLWilds;hashtag,plwilds
EL__TURCO_;biuyusak,ftavsan76,kder_kse,el__turco_,cemjimm,...,sozsokakta__
TTristalove;ashish_bhugra,hashtag,ttristalove
finger8;finger8
Ayatollah_Tank;supremegentile,obamamalik,andrewquackson,ayatollah_tank,dankfresh2
rahmanjavanmard;rahmanjavanmard
SketchBlog;i,sketchblog
BrandonFalls92;brandonfalls92
bekiroglu1;earl_of_wessex,akzeynpp
way_liberty;...
polpus;polpus,jenanmoussa
Alipowerstar1;janasenabsu,preethispeaks
MosheHacohn
MignatiouCom;hulstonsally,sohaonline
DDERSS;the_gossippage,hiddenwombatyvr
ilyasMrm;milli_medya,jaherian
L_phillips402
__RedLily__;__redlily__,javierd12784699
TXStarArsenal;i,txstararsenal
gihadooo80;gihadooo80
EkbMary;ekbmary
takethem8
SulakCourtney;estrellastarrrr,hrc_never_quits
korkutum123
dxniellegnzls
AnaSJuarez;anasjuarez
semteacher77;semteacher77
mr_sharrukhkhan
masterprogram1;forastieri,martinvdhooft,starbright1973,fabianacecin,psavoie626,masterprogram1,trebor155,celestialhost,scottsantens,tpickard1cogeco,jesus2020potus,eliaspraciano,mirandakingsley
whynot1800;ahmetsendil,albayrakhulya
niyajee;i
KaleemBaloch81
brainbuggy;brainbuggy
khalidmovic
Tempest_st0rm;tempest_st0rm,kopin,kabanhead
ifthedevilisix;sarbeear,tim_wainwright
BernieCrats1;i,berniecrats1
aoaoa_8;aoaoa_8
SophiaEstradaP6;redelephantsvbc,maria_manson666
AnjaFlach;radikalelinkeb,communismlove
AndersBLinde;samvell73,andersblinde
JohnStauber;johnstauber
enigmafashion
i__Global;i__global,draftgambar
YvonneNiShiocru;yvonnenishiocru
greatcharlie1;greatcharlie1
MasterSiKGrizz;communism_kills,sloppyfollower,existentialcoms
Yobaz_yo;zahmedilhe,rizmiyaallimut1,mariem36825149
abdoolcicero;anggiindriaulia,_unbotheredgirl,chimile_jami
wnewsjournal;world24news7,popassocamerica
jerseyclause
AdLeahy1;adleahy1
blupony3;blupony3,beowulf_aragorn
Nidaba07;nidaba07
holoment;oscarnoyukue
sadiiyahidris
VictoriaMulgrav
trappedsoldier;trappedsoldier
Non_Agression_P;prez_2020,pleasenotthem16
DeirdreVWatson;deirdrevwatson,tonylapsley
Sophiemcneill;sophiemcneill
artebary
Conflictwatcher;conflictwatcher,nikomaki5555
LiaHimmel;dimaskrob,liahimmel,qtqaoxt65jotojg,solovev93__2009,kristina23071,dozortt
mnarbs;mnarbs
IngeGem;patrizia_civita,difresco_g
AndyRC3001
dolce_levy;paulklecka,dolce_levy
Pistachier_vrai;pistachier...,pistachier_vrai
eclectelectric;eclectelectric,kawai_nekomakai,i
BrunoMaggi;robertfalconer,cestlaviv
LeeJohnBarnes;asgard_wolf,leejohnbarnes
Kowalski45;mariatianabelil,jpedrerol,superfalete,subversivos_,tortondo,...,silviabelb
WaelAlRussi;waelalrussi
AleshkaJones;aleshkajones
hogmansden;hogmansden,deanna_tutty
Sunday45691385
AdigunPolack;adigunpolack
MuhammadAftabK;sardarwaqasmum4,malikamrshzd,taimoorbhatti18,sohaibrazzaqpti,muhammadaftabk
msalanguer
BobSmithWalker;anonresister,tuckerclemens
raymondaitken;raymondaitken
miniestmini;miniestmini
seansbusiness22;seansbusiness22
StephenEmmott
Bluedragon_gp;bluedragon_gp
Modi2Me;india_muslims,modi2me
pnmurimi9;pnmurimi9
moukaddame
WojnaUkrainska;...,wojnaukrainska
npnikk;i,npnikk
TheEvilGenius3;karlbyrne01,theirishpost,eihl_fights,skysportsrugby,pygerbeau,irelandinhk,tony_mcnulty,irishtv
MFotster;mfotster
wanmohd007;wanmohd007,gosipligam,...,twtbolakelate
Jillbecenti;jillbecenti,fangrllibrarian,sushiesan
APrettyGoodLife
pavlo_fedosov;pavlo_fedosov
MichaelMastrino;find_me_value,jampok1
YouthVote17;irisstylosa,geekerella
Jacqueline_E_B;jacqueline_e_b,i
waithash;hervegogo,wazua
baldibasah
MargieWooldrid6
misterleehowon;aquelealberto,i6lonely9
pearlvalley;search?q=%23syrians,pearlvalley,hashtag,mswenkoona100,sabrihjomar,omar_quraishi,almalkay90
KobilcaWilliam;kobilcawilliam
ELAJoepatriot
apbfridge
suechikakota;misakanaya,abou_yuto
jared_scalf;jared_scalf
rRealNeilNash;zeenatsalman,coreytruth87
Abofouad12;hanisallal,amna201334
gdprpeace;gdprpeace
Bivi_17;jablmana,hosbah_tweet,bin_kfit,i
MSpan10;mspan10
JOHNBUR60525393
NADIARAKIB;naoelletlemsani,nadiarakib,statuses,raphaelscherrer,audeladesarbres,orirakib
WestVirginiaBot;westvirginiabot
RebeccahBenzion;djuice97,clarkwooley
redderfreak;hashtag,oldwolf11,redderfreak
SmithTarquin;bezz100,valkyrie_77
stayawayjoe77;i
shameonyou1990
kevinleversee;krisaquino214,kevinleversee,thomas1774paine,kid_kilatis,deandraker,leahnavarro,sykescharlie,altteamafp
HalayjHalayk;russ_warrior,search?q=%23isis%20%23paris,ggghosttt,southfronteng,hashtag,search?q=%23isis_hunters,i,panzythepanzer,basilissa11
khalidk22;rafatsagah,khalidk22,alhanouf_m_a,alnuaimi80,mohamed_3ashry,3zeeez93,doodita_alsaud,hmoud6666,salko7lah,3bdullah0007,hamadalmuhana1,sahad22sahd,hmod_10,mohamed151920,amal_alman3,xcx_b,ahmed_king36,wtun3wtun,draim2,noufsk_,khall1011,mohamed55098088,ksa_bulletin,fvisaal,abu_majed999
garoukike;infokatsaros,profstevekeen
powerstrugle128
Fondreenlarmes;fondreenlarmes,dgnewson,irworkshop
youyou5963;lv10ken,search?q=%23自分に似てる動物,hashtag
herbertsfav
purplesofa;ilgincseylertwt,purplesofa
DeltaCinderella;lemnosalt,kissbykeishelle
WebduniaCheck
ReformDNC;arnievinic,tourmagazineus,maddyj_scott,ciudadmgta,eksobionics,aride11,wipartsuk,brunoceleste,masterl230hhe,sr_ddent1,alpha_akita,eksobionicseu,bayarea4bernie,schoolspaceuk,clean_virginia,zzkidd85,bbvacontinental,hashtag,smartpatient_eu,big_gay_randy,yashkothari,search?q=%23notmeus,reformdnc
ZUBEYDEKOSKER;anadolu_z,kaankayhan,nisazamur1,mesutbilic,ahmetcskun,fx_trader__,fth_ylmz70,serapdurusan,ibsoylu,zen_ozen,mfturkoglu,tugceulu_,emekliegitimci,saadetberfin,bozkurtbilgee,ysayazkyk,ismetkucuksari,bizmasumuzcom,halidekandirmis,yusuf_dumlu,ygt_yilmazz,mevldenur60,ozgurr_yalcinn,aydin_nasanli,zst70
Diamond1F1G1;omrantaffour,nooshinmeshkaty,laavkyyst4zuzer,usmaan23,sameralsalahe,mahmood1st,javiqbal09,baselalabed1,8rtc0kcqhihevm2,awwaavery,easternghouta,mohammad_khedhr,gaynekin,aaza88351,3sgju7,banan_zaidan,drfaresalwalan,sahailyosef,3p0yzz0c2khd9fm,saudalfathwa,fatema20106124,sevket_ziya,ydughim,morleygareth
Ed_Dantes_bis;ed_dantes_bis
ArielleWeisshaa;cinciletta,morfin_mili
Sedicente;sedicente
NuriaCSopena;...,nuriacsopena
ApihRushtam
HansBergfast;hansbergfast
PDMontelupo;pdbarlassina,pdmolise
Berivan_Aslan_;tide_hh,missstanger
USNDocFinn;usndocfinn
alexfischer;alexfischer
ArabWorldnew;arabworldnew
Gastric_Ulcer
nzhippygirl;nzhippygirl
patel_champa;patel_champa
CarolHakios;mikkydollar,carolhakios
OpenchanEu;openchaneu,annonymx
shabeerahmadiM;shabeerahmadim,jeffreyestern
kembangkertas97;herrreza,exceljosaphine
Terraianima
tigg47
scubashawn21;realjameswoods,anncoulter,katrinapierson,hashtag
Kwanele21548102
naghimamouli
malayobserver;malayobserver
BeingSaifff
bushidou_makoto;bushidou...,bushidou_makoto
tetoroa;drpattysue,gattrm
Aihsan42;edipyuksel,aihsan42,zeytindaliop,fatihtezcan
arankline_z;arankline_z,reply_caution
Taitamco;taitamco,statuses
Illuminatovanni;illuminatovanni
marinar9801;azraloth,komotomeiko
dinasailing;dinasailing
Aphexfan;oneoflokis,emily4aberconwy,kensingtonclp,bee_duck,gusironside,chrisedwards79,victorajohnuk,marlonminty,deermuntjac,jennyperkins50,ace_love,mcarro2,julieklawrence,annemctaggart23,jacktmphipps,momentumenfield,susanp_80,alexpeladonuk,marthamlhaywood,sharonleavy,officielkaybaye,smeagalsmith,james4labour,owenwilkie,purrinacat
IrPeris;irperis
ZaidZamanHamid;zaidzamanhamid
Silent_Groyper;t_qgroyper,goyim69
RodYork;rodyork
F35s_F35s;search?q=%23havacılık&amp;src=typd,cansemad,f35s_f35s,chroniclesu
pureshtuyot;childoftheelves,tauberdaniel
maxflinn;maxflinn
m_ani786;samahsouso013,11a10b
Lucia_zomer
Rahma_TheRevert;sjrworld,champagne727
DeyKno_Alo
nickc909;nickc909,smilyquotes
B__Jesse;hashtag,quotessimpson,b__jesse
haloefekti;statuses,haloefekti
louisjulia220;levyloiseau,poterusse
Steph80335;steph80335
univers20001;univers20001
mariuskwint;mariuskwint
ZerdeshtHeme;zerdeshtheme
a_majid99
padster1976;padster1976,i
Talaye12;talaye12
queryjackquess
Occupied_Rook;niseny,fearemptiness
toniramon74;silvesvilaplana,fonttarres,jordipoch96,jarandamo,xavibox,pescallunes1975,cdrtrscentre,laiacabau,sarariera15,jordidolors,bruguesoliva,turamiquel,salvavendrell,damarisrojas77,jaumecat2017
bicepshogun
stancorrey
filafresh;paco_abn,search?q=%23kingtruth,hashtag,tunelinks,missinfo,filafresh,search?q=%23hustlegang
gm2dm;graphbit
Iras_KicksArse;iras_kicksarse
AlexAnd13185976;hinmiss,marytavb
michaelh992;afreehuman3,anaminona
jbergeriv;jbergeriv
AlanaBowker;alanabowker
mjalal1027
SanaAljazeera;syounoussi,sanaaljazeera
beachbrat2b
ilteris_66;ernergiz,soneratasever
almukano;almukano
smitashrm;beawiharta,rosieharriet
mdeneyici;demarkesports
PliveCalmer;statuses,plivecalmer
savingracesarah;cityoflasvegas,i,rickgoldmann
liveuamaptr;liveuamapru,liveuamaptr
kukuh_iskandar;search?q=%23suryayudhacinema...,hashtag,search?q...src=hash,search?q=%23dawetayu,search?q=%23dreambender&amp;src...,search?q=%23suryayudhacinema
UzairAdamjee;uzairadamjee
marisa29110889;i
BigTfromHalfway;syafatrinn,bigtfromhalfway
tstjdy
sasmojo
Juju09_be;juju09_be,mentorslinguist,tarihveislam,fqtqe,i,...
RanaKabbani54;hashtag,ranakabbani54
nomen009
Georg_Heil;georg_heil
jeveuxdescendre
Mamimom_57;mamimom_57
abuanasmas;1114_kazuki,joefrey54,kbbbbb1220,shiori05181996,attar5000,imas_muishiki,deedeemitch,jpaja,iterancehayward,brandon1402,srithaiautopart,mmvllc,sugar_only,chicago_pray
sondrapero;alehizel,chasaverna
ClaireMacLaw;clairemaclaw
42_theanswer;hail_to_earth,charlesrblack
Saalaar;saalaar
liuliang11;ivansidorenko1,...
ChrisBrey1;chrisbrey1
Meloniemaher1;meloniemaher1
oziem_21
jeanid123;search?q=%23justinian,search?q=%23mosaics%2f,nabe1975,gizemm_kocak,...
mister_analyst;mister_analyst
Archivist1000;archivist1000
JansensAdriaan;jansensadriaan,vrijspreker
theBigCatalyst;thebigcatalyst,ziggy_trader
ustadinov881
MartinCott;itanifadi,adilhusseini,belke007,rashid_bhikha,shaheda_dewan,hfwilmot,naserhaghamed,martincott,louizaamira
Natalie91231732;natalie91231732
lummideast;lumisis,lummideastrss2
Inthepeninsula;inthepeninsula
nnshinah
emmamcculloch81;stivenladino_17,emmamcculloch81
tadei;tadei
smartaura;nzarhawleri5,vefasiz2,smartaura
ShoaibMahmud;farzanaa97,abdulaleem1
hafizikutub24
TotaAbdulkarim;drluckeee,natalieabida
VanessaBeeley;fayeknooz,jmcarmona
MarvinKey74;theesbspartans,lb_1212,marvinkey74
elnin0l;elnin0l
therealhoneya
sinamiladi
WillemijnvanRh1;willemijnvanrh1,3fm
Hana_For_Kurd;rapunzel_love37,funfunkk7
atalay14;muallim_55,tbterkesli
SarahRubyWrites;misslarabelle,barnsgreg
Gamerben111;pobrekrilin2,gamerben111
PatriotRta;iverson_dr,killougheagles
jahakbar
GeekTard101
airiters;i,airiters
Ktaganov83
dsventure;m_vanreenen,growinggames,hashtag
Jamal_Al_Iraqi;arsenal490304,mopyiam,jessicalmetzger,brodylyons,daspyder69,outlastsupps,_cardinal_fang_,ryanchristensen,ramotude,lebandz_james,bossmancassista,seunalaba22,zmk_07,fagtwigs,sdclee,shazildoole,godfreyesq,nullthreat,archerffxx,the_fatoosh,jamal_al_iraqi,fherlant,inkang1,timmyyeni,mo_sleeq
PublicSituation;publicsituation
23Rehana;s7nzpwrzeag4tgo,23rehana,...
Annoula64
Missmarized;missmarized
TheBiograph;thebiograph
hameedmuqri;yamanao_1128,cos_anko
Smith6079W;6079_smith,javiersierra,hashtag,posverdator,newspeakbot,jul1acarina,search?q=%23qclearance,smith6079w,magdalon,agersalcedo,search?q=%23infokrieg,viganton,jimmy_dore,thunderbytech,politicalpopcu1,delburdiu,eng_soc_
MaximHeather;maximheather
khassan56;@khassan56
nbnlebanon;nbnlebanon
OccupySchagen;ellenkleywegt,kimverhoef8
aadamahmed_
marsaeternoum
EricFalangas;ericfalangas,cnni
waquar_haidry;hashtag,waquar_haidry
Mediacratie
hcakir5529;hcakir5529,kelestrkan,op_shield,doko49,vergiliozan
news_breaking7;newws_breaking1,11news_breaking
oritperlov
outforbeer;yakiesheran,outforbeer
TontonF_;ischmitz1,fawltytowers2
andrevasiliev80;andrevasiliev80,...
MizoMazouneh;...,mizomazouneh
dicle_rad
aVandoo001;avandoo001,twdbreakingnews
iPraksy;ipraksy
Kayahanuygur;cakmakfatihh,morsuvari
YQuinn1;a73amerise,durhamdolphins,yquinn1,tasbiha10
Grn_58saray;mit46216970,ozankank25,grn_58saray
katemccarron1;statuses
Nosdrewdomus;randfish,snopes,nosdrewdomus,jonlovett,williamlegate
WestAsia_news
IamKostasT;iamkostast
TKOA702;andrewsamoylich,nickmsarnold
idawhannadoyou;idawhannadoyou
strannik_1981;strannik...,strannik_1981
JessInTexas1;jessintexas1,schnell52
DefenceEurope;defenceeurope,halil_efendy
akc17;cpimspeak,shehla_rashid,akc17
ulu_tug;adolftrumper,gj04zv
EldorarSh;eldorarsh
milenadanmektup;milenadanmektup
DexterMosul;dextermosul,dmerh_11
GattodiVan;search?q=%23twitterkurds,hashtag
markito0171;markito0171
The_NewArab;the_newarab
SosaNoName
jamesfogarty2
DeeCTown;deectown
winstonf71
Freiheit_0
Yanis_Jo7;yanis_jo7
akivapaths;pateksb,simple2remember,hashtag,hsperlin,cohen_abel,kmandar9,nugoat
marymjoneil;corujo_l,pdoggcollins
DevaRamkelawan;devaramkelawan,i
thetawaves1618;thetawaves1618
Deiscirt;mikehumanseh,deiscirt
SimoneHube;simonehube
jinez70;jinez70
jupjup159;conflicted_poet,hendrick0791
tiredsneeza;tiredsneeza,_shamgod
OpTrusteeLG
VaheAvetisian;nesamonymn,5starride
wyrdsisterz;wyrdsisterz,blackravenfilms
yocibou;gaemgyu0618,takatokumaru
aizadputra
spafers;aqua_candy,spafers
iamMajorDrTorok
deSyracuse;lcarabinier,abbebusoni12
dlockyer;dlockyer
CotUS0001;yodatrading,yodausta00
BoxCoterie;bamcquern,boxcoterie
CyruskingKing;tvinto20,emejec
torontosags;eastafricanmade,kingnira
und2;tarekfatah,indiainsingapor,und2,mvmeet,theindiaeye,kanchangupta,stewartbellnp
koentje4242;vonloghausen,jfct65
asnummo;statuses,i
AlturiOrg;i,alturiorg
mercycorps;mercycorps_uk,statuses,actioncenterpdx,mc_mongolia,cheesyfmuk,mercycorpsafa,mercycorpsco,mercycorps_gt,anamaolarte,fundak_lista,intdevalliance,mercycorps...,mercycorps,nec_challenge,deepmala_mahla
luindriz
SteeleM35085377
BabylonNative
paros4
ghost62280140;lafiqul,usahiskacouncil
AkHaridas;akharidas
StoicViper;stoicviper
BigBroHeavy;bigbroheavy
MABardino;mabardino
Madeofrock11
Jonesyyy3;jonesyyy3,changomamon
It_is_NunyaDB;statuses,it_is_nunyadb
korpio;korpio
VeEnNuUSssss;veennuusssss
Solidus_EC
Hedvab;hedvab
DONNABELLINI1;socialjerkblog,rachel_mcrea,thesopranoist,reasereaser,kcastauthor,d2pk,paigeworthy,alexiskbean,mason09,esthercuno,toondogger,iammissamys,alison_miron,patrick2ford,thechelseamyers,kidtigrrr,lordjtpudman,bcbnyc1,scholarlyslut,zeitlingeist,xperienced_,carlyyougoonie,this_is_my_oath
bbdevices;bbdevices
gilee1928
etlandbicprendi;etlandbicprendi
LoveBuildsLove;lovebuildslove
starree;patrickrobicha4,starree
QCabaas
ben3agool;ben3agool
Metztli_IT;metztli_it
CharlieCanFly;chubbyinfinity,lenatypical
mehmet55_altun;hashtag,mehmet55_altun
gohanvsrohan;neeru_bahl,gohanvsrohan
IR_PALESTINE;islamicreliefsv,islamicreliefls,islamicreliefuk,islamicreliefau,islamicreliefin,irmalaysia,islamicreliefne,ir_syria,irwales,ircanada,islamicruoitdc,islamicreliefpk,islamicreliefes,irscotland
kalliek;kalliek
EmelBilir4
TomBaker_2292;ashley_whiteway,jaznewberry
AsISeeIt14
MACKCRUISER;bairdjulia,sophiemcneill,avishekgazmere
PeterLoubo;peterloubo,auschwitzmuseum
MattGargan
faridsob;faridsob
Shadumura;shadumura
RTAF_JSG;rtaf_jsg
DrMJaay
marktsword;pepecosby,bjworthy69
farshad98923560;sonofahiiitch,fluhydroxypam
nonywithlove10;nonywithlove10,...
mohsenmokhtar12;erwin_dcruz,youtubem3m3s
LouevuoMarko;louevuomarko,louevuo
WolinskiM
ankaragorusu;hieerrro,yali6164
crimermint3324;kinoko2004,...
AnonStrikeBack;mosimontanax,da_lie_lama_
BeratDe336699;beratde336699
intisar_1924;intisar_1924
SaraSalehOz;sarasalehoz
guuuztuff;guuuztuff
bhaven_patel;bhaven_patel,eyerod,akaashachreja
backslash_CZ;oneperfectshot
ma_am_42_21;ma_am_42_21,ma_am_42...
CorkyMrC;corkymrc
K24English;arabick24,kurdistan_24
StillRealPolina;codalinaria,stillrealpolina
ONC3X;onc3x
MohaSm27
yoshimichi0409;yoshimichi0409,...
JameelaH__xo;pradaura,jameelah__xo
CRStromante
Gerard461;gerard461
KakubhartiRaees;lagertha66,apawluc
uppstickare;serhattt_2116,zorbaferman,hasanikizer,gulakbas1,abdullahsunuk8,mehmetarjin,aydn_ergin9,zndnz62,delidumrulhande,seldaguvercin,medya_izgi,cekigil,koraygvercin,karaylanmehmet,iavciavci,oremarroza,zaferozgenturk,siler_f,karasudavut,beytullahglt,kaaninceer,muhsin_elpeze,mersinyeryuzu,ozgurvanhaber1,welatroja
ranario;sciencenews,ranario
BakedNehlen;bogpilled,lell420,freiherrvbraun,p_a_u_l_nehlen,flaunttnualf,pauliehazelnuts,lastbastions,kekblessnehlen,motorverk,rickyvaughn_ii,black10th,wolf_faust,thotfottler,treyking88,kcgatsby,danburyjohn,themyth20th,_welcomewinter,anthonyvandal14,thorshammerr,cashmoneyglock,conantcimmerian,truminthenorth,ismail_jahan1,tiny_shield_nc
Mee_KBS;wirataying,creamly5
NShakfeh;nshakfeh
NewNowMan;parledvencis,citizensfedup
MuhdSaifulAkmal
Sunnipulse786
cbc_diff;schurmie23,joannecbc
mitarashidungo
serapkabayasa1;eyllpehlivanol1,alpercifter
alinsali_;alekurdia
SheriB1957;sherib1957,@sherib1957
Siener9
rebel_almekdad;abu_nour76,fadi_hadad
JamesArendt7;i
larchendim;larchendim
MSN_Singapore;msn_dinero,indonesia_msn,msntaiwan,msnvideo,msn_portugal,msn_noticias,msncals,accentfoods_tx,msnaustralia,msnents,msnthai,msnuklifestyle,msncl,msnireland,msnlifestyle,msnnews,msn_italia,msnautos,msnfrance,msnlatam,msnmsia,msnnl,msnsouthafrica,msnuk,msnarabia
ahmadhazim29;ahmadhazim29
taigstaigs;taigstaigs
NourCherli;nourcherli
KamalJafri;5thstreetagency,bilalmaqsood02,lutherpj,feb_minnesota,jdubtastic
karlus1973;geopor,hammeredhussey,averagereturnee,boletininforma
elizabiittccch;anthonyfjoshua
gasle54;gasle54
4myarm;1910_taha,tarkan378
OsmanliTorunu50;dr_yetim,surecom89,omeryildiran,dresmen,savar_feto,huseyin03609936,yusufkaya144151,sahinyelek,ishakpoyraz,necatikocacoban,aktas_muhammed,hakandalmi,v_parlak,ayhan58yl,orhanotugen,inal_nazl,yasemin__aktas,harebos,cakan_bay,omeryarba,tuncnihat,akzeytinburnu,gokhunlekesiz,unalgencc,avremziaydin
Eschersand;eschersand
YallaSouriya;yallasouriya
AVT470BUG;avt470bug
dharmen59568179
karinn_333;karinn_333,oukyoutouri
Engmahmood89;kexssmarz8wfiia,abdalrhmanisma,mo3taz_khattab,ferashlk,lora78alor,romaithadolat
nmikanw;alicejuareez,nmikanw,galleriaarben
ShabibRizvi;hashtag,morphin1998,mim_oud
papolucia50;pyotr_fedotov,bywolfteam
castlebravo92;castlebravo92,mayhemproject1
JoanneLiu_MSF;michellealf,joanneliu_msf
tralikz;tralikz,praveen_marine
FEDserschinski;fedserschinski,fdschersinski,stoph_w
Erick_Martie23;erick_martie23,i,hashtag,erick...
AJ_Mtl;aj_mtl
EulalioTiago
muhammedarvas;yunbad,lotfidem
jkpaSpeaks;m_a_thakur,jkpaspeaks
dr_hammady;hashtag,dr_hammady,ejbeals,bowenbbc,amjello
LatifUygun;d_nifs,teebaalaa1
Bambooville87
abatassi;julianroepcke,abatassi
AnderGurusa;andergurusa
etdbrief_ro_1;polinazlatarska,sujoych40576507
RealSalimJamal;realsalimjamal
dannybaker460;syriacivildef
kv_pala;avalperengursoy,alirza_kaya
souhibalali;souhibalali
sj_pete;sj_pete
sheikhjalala;sheikhjalala
kudiira
sinbad_W;stewonthat,activismred,ssingh103,mgottske,opheliariveside,may_persoons,leono1996,snowmudclaw,rvfanfaron,niudaxian,victoriaholm7,reinagisella,jmutuma,jesse_yin88,karina_tsui,shrixyz,wing888,anamaliyah,cn64nz,theresabandel,linus_yim,asiafollower,nmslwsndddd,reeyarn,unspiritualized
afaiz_najmi;afaiz_najmi,hashtag
fresh_sadegh;fresh_sadegh
EnesBayrakli
SmithaChristin3;kindiglogan,monsentuva
geceninnofkesi;buzzespor,startv,elimdetuzluk,demarkesports,10uncukoylu,abdullahasc
preueth;preueth,i
LarcItaliano;larcitaliano
JacoduToit17
AussieYazz;aussieyazz
metesohtaoglu;metesohtaoglu
3shuhari;3shuhari
MR_TAHSHAT_;badmanbinladin,policeng,supersporttv
Sullarahul;dcbargas,cinemarkcol
z1tan
trandaiquang
inquisitivekath;inquisitivekath
ggnewsus;ggnewsuk,googleretail
cmputrwiz;fsoonekindt,hashtag,sunofneurot,cmputrwiz,leanderwatts1,yanabellah
karakoyun_k
Xuncalgz
SEVNALlAS
omen_syria;omen_syria,hashtag
___Alasur_;___alasur____,alasur____
FarEasterner;fareasterner
basselsafi
Nanisimo;googleguy11,cinefagos
J0seph_Ballin;perreauxjustin
Leo_Iratus;avmurataltug,hakoraler01,yelizyildirim53,byraktarmesut,balkancephesi,sahinhasan53,abdulazimkarab,nurullahtunant,nmsenturk,kadirsen42,afitapcemal,esmaakan11,suveyskanal,kamiltylolu,ahmetbilgekara,mustafaozlu,emiryal98878212,alwardmalek,sgulmez07,alitiryakii16,hseyinaysunaks2,taceddinozcan,galicyacephesi,develiguldal,tugcecen92
zoranium;zoranium
matan307
Muno031;muno031
c4burator;true_anon_,bugurt_t
TedHardman19;chloetheomovie,lizarddisco,hashtag,tedhardman19,i,vhe_nieuws,esolangs
vvanwilgenburg;pepperm4n,basialcummings
LeBeckInt;lebeckint,bb_shinjuku2
Anaminona;anaminona,hashtag
EKyzirakos
antzthemovie;themaddoxprice,hashtag,antzthemovie,search?q=%23mantisman
jekbradbury;baiduresearch,alfredocanziani
phoenx7;phoenx7,hanan59032450,aldakariammar,hussein96544480,yasser_himdan,shamikh_alyaman,tparsi
freddie1999;freddie1999
emy_sievers;hashtag,joschipscheider,tuccilumberbat,babyanimalpics,4balancecoach,spongebobgetsit,tee_rent
bbltweet
TheArabSource;thearabsource,rusmasdar,search?q=%23almasdar,...,almasdaresp
madu_agwu;madu_agwu
BuckmanScott;buckmanscott,lexforchange,partisangirl,nytopinion,americanindian8,waelalrussi
Estigiaed
Jamestoupin;marydram,debarringtonh
silviaf110873;danterosas1,vplusvii,sarah_13n,featheredchef,arnavsukhraj
CBRNEsteve;cbrnesteve
Szai416;samilbaseyv,durmagenc
BEEBALM2010;azsocialjustice,dmstorr
sebwes1;gsfraba,cstotts00
brookebay21;hashtag,...,wildlifeorphan1,hedgehogtorfaen
AlbekKenAlaym;albekkenalaym,3addadruh
villebooks
northdown01;northdown01
Sh_roh
HPVDEUZ;london_paris_ja,siouxsie7_k
anxietypoop;springerbrent1,as77c
TonyLee05102102
captainsweden1;captainsweden1,...,i
riskmap_;riskmap_,riskmaplive,riskmaplive?lang=bg
ScottLucas_EA;scottlucas_ea
abril69342293
soldierArtoria
kiranirfan81;kiranirfan81
Channel1World
Artspeakcentral;artspeakcentral,i
AzfarAliisHere
syrializer;ziad_zeitoon,syrializer
tr_had;tr_had
ANTONIOVIBO
THansarayli;thansarayli
polmista;polmista
budhoppy;hashtag,budhoppy
PetersonJeano;adcbeast,trump_hates_you,realconalddump,victorwcaceres2,jjreynolds54,majken_bergman,gijoeyds,monsuervolts,impeachtrump,katiealbanese8,_delathor_,fierceldn,jazideb,rosalindgardner,marblatx,patateaubeurre,debwood66581797,dre1681,sanpedro3,meetyourdata,maillejay,luckystubbs,quantumhumanity,mikeh1230,ivettedmz
asekban__;arslancht,tunaeryilmaz,dirbesiye_,ronald_brok,tanahmet,eskitoglu,nuremirgil,belqityo2,__htc__s,beyduzmahmut,63gkhnknk,ademoz46,cedonulli0,melih_donmez39,oneradem,gitaristes,bsnuray,oktaygultekin23,slavroj,mulayim44,verslaflame,tuncaygul76,mehmetuzbilek,nuhirmak,cuma94662193
zelinski_mark;popstherock33,keecowang5
idatcey
MrNoahItALL;mrnoahitall
old_osc;old_osc,gregoryjdykes
nmeena970;nmeena970
bickypeg;bickypeg
kilday_ryanne
LIZBAZURTOG;lizbazurtog,rafaelnovoafans
tom_martini1;oticasbeatrizbl,ali_moqadam,sergiopati02
takanesaito
Bhootnath84;i,bhootnath84
Michellebergh;balancecapetown,puresouthafrica
Icon99558924;andra_panji,juanestebancdl1
tochybana1;mehmet_akova,tochybana1
AlfSuletzki;alfsuletzki
1marcelochi
ErturulKarahan8;muratustaku,chn_ckr,_all0q,erturulkarahan8
dinagunesh
Socialismilucra;socialismilucra
Rumesaalirajput
M_Okuducu;vatan...,ssysfakb,m_okuducu
Deedone13;deedone13
ezxweda_me;brokerborani,ezxweda_me
puestodosonce;puestodosonce,xfukiix,dunkerque33,mabelleira,pnoual
radiogalaxy4;radiogalaxy4
WaldnerAina;waldneraina
MarcoBKnight5
BobDeed;i,bobdeed
OmNEtra
DateanInmate;mifalifa,michellereselva,heavengriffin98
anupamyji;anupamyji,amitjiet
Eikonur;eikonur
loindevant;loindevant
jhartley61;jhartley61,awardsdarwin,f1,beckyquick,drudge_report,realstaceydash
shvskiy;shvskiy
avrollot;avrollot
_Argeade_;_argeade_,icodestuff
TS_only;ts_only
mdshishu1;techsajib,_tito9
obrijo;obrijo
Lsanela7rar;vv7vv7vv7,aalkmes
lacey9020;lacey9020
SabCharlie;sabcharlie
mnmn12__1;r_lowie,alejandrotrist4
BandeKhuda;bandekhuda
scheerenberger;ruhankarakul,frl_rastlos,ham_alharbi,themagamovement,mahlagholamei,hendrikohnesorg,azadandish11,keinetheorie,the__lobster_,hassan01975931,fa_bi1903,heyran61,patrickgeley,axilyaa,melodytaitinger,shahin_bieshkel,scarecr0_w,changeirannow,lettersfeathers,frausommerfeld,_gytha_ogg_,genug,tyralak,paddy67a,pala_molisa
lisa399a;@lisa399a,i
Jamal_Barry;jamal_barry
hencheman;kandypure02,bc99a094a2ce4d3
allore_d;itzabustamante,mrbighomer
DeLPhiHurley
GloriaDea
bodhibrian;bodhibrian
2Small2Fail;damirhamzic,globlenrgytimes
crystalartchen;herve73950491,kyriakosp1,theomindsllc,crystalartchen,alrazqi20
im901020;im901020,sabirnazar1,3mi3li,bajwas24
TaNeaOnline;taneaonline
modteque;ahmad430raqqa,hibalat,dimanashawi,valeriemhughes,andrewhirsh,syriacalendar,omerhadzi,jworldwatch,zainaerhaim,khalf_,razanspeaks,omsy,olamalas,dirarkhattab,maitelsadany,amalhanano,_halamohammad_,nouraaljizawi,laurusravni,nedal_alamari,simonajeger,fareedfromsyria,bivi_17,yvosimons,syriarandd
marisanba1;borjacomesanha,andune87
BurakGulgonul;burakgulgonul
GaryLeeThrasher;ritamango1,mccanney,lorengrimstead
maryam_sulayman;maryam_sulayman
mattlane1976;cape933fm,gbrady79
Wahid_dk;sultani_geety,wahid_dk
RonnyCarlansson
Swedforce;simongerman600,swedforce
HanssonLars;simonssonoskar,blaugranazsthlm,jespet71,...,matsqviberg,chiangmaitrader
lukeisaacbrown;sandite_memes,lukeisaacbrown
caliphofgod;caliphofgod
ClaudaTanios;claudatanios
FedaiKarakaya;tabitabi2525,gorenhemre,gencfani,uranayhan17,onderartuk,omur52b,bizimguneydogu,aykantimurlenk,06_nl_,aykut341907,ugur_gulcu,sumeyyablkz,elif_nar,hasanhzr9,tugef_,cemkan63,sevilayhan76,esmayaln13,yusufemir68,nesrinokudan,yilmazzmc,dgnc34,uchisar50,karikaturdelisi,kaanaltunbay
marizinha;marizinha
GerlindeRud
Tereta_1;jiggslaw,cermimurcia
andyoval;andyoval
Dmitriklovensk1;gopnikkid,vladymcdaddy
AgusSup39011241;agussup39011241,...
NikhilShravage;nikhilshravage,...
ZiadMosaab
manup_us
Faridsob_eng;faridsob_eng
Lambertlee
Desi_Firangi
message_from_ki;freepalestine2k,nano5shah,sururcelebi,nephil666,ranaharis786,demosromiliotis,braviajon,message_from_ki,warriorssyrian
DefenseUpdate24;loaibasha11,defenseupdate24
hausofrushdi
Dakoda_1022;dakoda_1022
Erkzalez;hashtag,erkzalez
hilderestad;martinholvik,martehei
ben6515n
sandlogs;sandlogs
HughRategy782;huntermfrost,groverthegod
masayoooons;masayoooons
wittedewitt;wittedewitt
AnteSarlija;antesarlija
saqibch30382
SihabBD;sihabbd
saqibsha111;saqibsha111,shahidmasooddr,tabarakunnisa,iamteamik,arfrom1947,sonia_mishal
sharpfang;planete18320317,sharpfang
RameshK__;meomicloud,rameshk__
muratsultan26;tekinfikri,hasan_irik,nuri_aydemir,muhammedkaymaz9,emineilerin,yobazdede,tony_stark_8,we_loveerdogan,acun_blent,sdfaksu,43fb4808,alimafacan,cihannar8,bilalelbay,hepersecil,simsekleroto,titanarum_s,brahim13399279,levent0614,mnrzyrk,alaycikus1212,kalyoncuosalih,yasar_kosak,antikemalist44
BUGMIR;antonelloang,giusfiorentino
nic120688;nic120688,i
MrHeythem;mrheythem
X25mega1
eldorar1;eldorar1
paulparkmd
Duckhuntinggrl;duckhuntinggrl
sofalabeira;sofalabeira
teresa_atHome;statuses,teresa_athome
MadinahTamer;gucci,jbflw_,bigbeartribe1,madinahtamer,forza_imagin,gangnafer
EndGameShowWW3;endgameshowww3,stihl_lance06
aika2711;stihl_lance06
BryanLopez_23;themedicalvids,cassstastrophe,bryanlopez_23
mdjubair_me
safdarhoushangi
CaterinaDoglio;caterinadoglio
OrmondDerrick;ormondderrick
stewart_ws;stewart_ws
LDRObsessive;ldrobsessive,ausgeblutet
syria_bushra;syria_bushra
koreapresidency
Aboy7M
ALMOUTASSIMALKI;...,almoutassimalki
yaftab;yaftab
GoharJutt;hashtag,asmaraees2
MkbbcsBeg;adamparkhomenko,mkbbcsbeg
tahiirshams;tahiirshams
ummibraheem5
mikelayestaran;mikelayestaran
DeadAirSignal;nikooooo233,drmrkwrdgb
DerorCurrency;russ_warrior,people1stplanet
sriprawin;sriprawin
RadioMy;radiomy,a_f_g_official,irishwater2
TheLATrib
boerneaj;r_bogad,serkeftin_efrin
AlexLeonNC;alexleonnc,dkelley213
donilo252525;donilo252525,awakealert,aaronjmate,ian56789,aenea2662
AduvveAdavet
perlici1;perlici1
BravoNeveragain;bravoneveragain
harphat;harphat
madraq;innodoo,luke_batt
OjoBlue
arestubau;arestubau
legenet;esamawuta,rleirvik
mutalabala;sswayze,mutalabala
mayank_kanajara
sfrantzman;ntarnopolsky,sfrantzman
give_fear;usarmy,americanindian8,historylvrsclub,fbi,abc,usairforce,girlsreallyrule,deptofdefense,give_fear
kiranvkothari;carolinembrooke,ungeneva,i,bentaub91,kiranvkothari
inderjeet12377
Luandrew169
jamesgraham521
HossamRaafat9
fear_eile
DougAlder;mcalpinm19,bob_leppbot
NurayAynur
vanhetg00r;fwmgreve,kakketoe
wienwieden;wienwieden,i
NetoArico;tatane38,tofopquotes
aashinthampy;aashinthampy,7pmstatus
GmKashmir
senytrencat;cyklopen,i,senytrencat
semprealtrove;elsapasqual,manghisimarghe1
moyasovest;moyasovest
Bmarsh9619;aneybie,pixelatedboat,bmarsh9619,swin24
mamatima2013;mmaj85,ghadh_7
NancyAyotte;nancyayotte
bugjude61
mouminph;toasterpme,esbilgic
MOHD_NIZAM_KHAN;fatma_n19,mohd_nizam_khan
YourBigSky;yourbigsky
Lurganrebel;neilmochancsc,kopites_scooter,adamlfcbartlam,preditour,euanliv_88,lurganrebel
Miss7nowi
mojilu
Joshboothang;joshboothang
LetsRoc137;letsroc137,savechildrennz,brockwarner,gab_eminente,msf_sweden,sustain_illustr,pieterremes,iaraortiz13,maximem,jm_kilgour,drrolandsmitmsf,nermintawfiq,indraf327,billatsavecan,kerrychatwin,dvnadlmte,meluwonderland,fournierdajyo,valeriebabize,msf_mariadiaz,sooshiance,maddalena___,jesslbryant,jonathanlaroya,donalgorman
Arabsyndikatet;griffin19_,myaspencie,syriavictoria,alice_in_arabia
David05506213
kenpatton5;kenpatton5
AngieC43;believinghandbk,bcopeenglish,timkaine,@angiec43
SchockDTY
Nick00183277
herefordrob;elanbenami,ukbahaiopa
khussh_;khussh_
jojake111;jojake111
kinuthia_be;kinuthia_be
mod_russia;hashtag,mod_russia
Mauretania47
radiosonar_net;radiosonar_net
newsbloktwit
FirrhillHMD;tiagob121,hmd_uk,smithyhastwins,jonas_mother,firrhillhmd,minniewarb
Face777Off;russianembassy,onlinemagazin,afp,mauriceschleepe,firrhillhmd,rt_com
Venom0w0
Eylem14433390
institutkurde;institutkurde,hashtag
mamwye;afneil,anderson_una
CaroleFor45KAG;carolefor45kag,sammis_joe
sammyonye3;@sammyonye3
Roza__Shanina;rozhdenylalkoi,sweetheart_138
PParzival;best_ofparzival,pparzival
Lark2rule;perrenod,birkirstin
DavidCatleugh;davidcatleugh,tomaspetricek
Abdullah010198;abdullah010198
Corduene20;ilhanl_derin,zden_ozturk,ismetaydin1,ozgurrgundem,dersi4m
Hirnleicht;hirnleicht
emma_nou_ill;pierocasanovag,servovendi
thambee86;thambee86
StevenGvozdevs1;...,stevengvozdevs1,f62442
michellejamal3
gokhandilben;nimetyildirim38,zlemeki,emrullahoztekin,mertutu5,46culfa,zekinbas,akpyasinmazlum,nozyurt,ulgenenis,mehmetkaymakci,akgencyenibosna,tanrikuluosman,muhammeday_,hasanmemiss,haci69054132,songulyuvam,halimecan027,0506kadir,fatuli_,yavas_hikmet,ayhan_antalya,rt_erdogan7,badureyp,bozturkihsan,gulistanaksoy1
echo_chamberz;pierrot_khole,arawashi_eisuke
farhaadaarif;srun30001,babyboytattoo,simplybirding,chestnut17692,lilacviolets,trendnevents,anashell,impalarocks,tudoparafestas,wytdgg,turkiyef1,cat_meowsc83,woodshop101pod,baanbiin,emoboyzrsoohott,techardors,forumconstruire,dmwalunga,kidsthayu,image_rw,amido_mps,designeour,pawiaj,edper3z,mercatgalvany
zaoshang2;zaoshang2
imemilydsouza;aside0fbacon,abbywixon
paul_mahima12
nikkudix;nikkudix
5Bluejays;5bluejays
Watcher_Then;omrakan2013,adelinedeline_
N___rida__786
Savul_;savul_,savul_?lang=ga
alliomack;oneoflokis,james4labour,purrinacat,alexpeladonuk,susanp_80,momentumenfield,annemctaggart23,dilarfing,ccdvlabour,sharonleavy,julieklawrence,ace_love,ronniebfawu,officielkaybaye,emily4aberconwy,jennyperkins50,deermuntjac,jacktmphipps,cheltlabour,bee_duck
bimarzobum;mehrshadmaleki,_gytha_ogg_,mifaure,keinetheorie,the__lobster_,melodytaitinger,richardblaauw3,patrickgeley,azadandish11,genug,frl_rastlos,asranomani,changeirannow,paddy67a,frausommerfeld,axilyaa,pala_molisa,janbooiman25,shahin_bieshkel,hassan01975931,mahlagholamei,simonkobster,heyran61,xeiinab,fa_bi1903
mrloulou97;mrloulou97
ErikV002;smartest93,vexillarius_vex
MFRZProductions;interiorpixels,mfrzproductions
quilombosfera;eej33,quilombosfera
mickeynayo11;balikasonline,renzbelda
Kawaidioot;kawaidioot,i
nathan_huffine;nathan_huffine,search?q=%23losercenk,hashtag
NinRaisin;ninraisin
DJLNR;pippa_wibbs,sollijay
MrRokkafella;mrrokkafella,asik...
USGovReport;thehistorystore,usgovreport
Pro_Nuke
SteliosTwi;steliostwi
Trini2015;trini2015
jpc268;nur_allen,impeach40153700,selenag37244684,ctheresistance,lorilorisuew,ba04990897,dleeheff,tamareadler,lindamilazzo,ronkenn64,lanereed9,wildwestleft,resist4hope,brupirl,foreballs2,lisa1118,hippiefolkchick,melsy4477,indivisiblenet,coachsmallz,rochellelloyd57,sadamericans2,bartmanmarine,mesmerizedkitty,duran_tee
BirdNorPlane;copsachile,shephardfrogger
g_m_hodgson;g_m_hodgson
alertsurl
fannicanelles;fannicanelles
Sander_1954;sander_1954
fayyadhayati;fayyadhayati,statuses
KruntFrucker;bootsiecat2,rosinafrance,nikstorey,rajganeshhdl,steviebee12,pampreedy,craigfhayes,alantruelove,fj618,serenajb3,tyseleylad,perfumelodge,kerriecur3,annembee,amdwaters,tahllulah1,haydnbroughton5,captcaustic,ddawn0,saperkins,fawltytowerz,englishtommy1,dakoyta22,tomedwardson,edmundengland
trishshirlaw;moncartoons,_buzzedbear_
dzewola
runiac2;runiac2
kjking1;kjking1
GirishNaught;girishnaught,ruchikumar
LuMo1982;lumo1982
Monitor_sur;statuses,monitor_sur
AllanFaily;akshay79037242,op97909488,alamer5143,umarmal60117180,ultura43
sharjah24;sharjah24,ittihadkalba
Brokodabr;dacebalode,usapronova,mkaprans
Kidefrian;josephhtoomyat,apsaalookelady
the_etheropian;the_etheropian
chamuyeta
MikeQuinn19XX;mikequinn19xx,misscburdon
flashimodo;tweet_ska,ecaeromolina,martachacn,flashimodo
EdileudaRego;carlosgrupon8,malungorei,terra_ze,cobragb
junglefruits;junglefruits
reuben_vel;@reuben_vel,reuben_vel
crewislife;mike_eh_52,republicofpride
Oguz4271;mhdvrn,ninaparonian
Qatar_Cat;qatar_cat
nas_pb;aptly_engineerd,premierleague,...,twolves_pr,noncedolo,lcfc,independent
EdwardARowe1;salart60,cidnybullens
EA_WorldView;ea_worldview
brucephil;brucephil
sofisolomon;sofisolomon,pele_coulibaly,kushiriki,search?q=%23deconfliction,mulyadimuchtiar,hashtag
vtblom;vtblom
Narwhal8915;narwhal8915
DiannaTrump;asadmahbubur,jujubrooks_judy
ADanmaliki
RPeldito;rpeldito
