midoo0;d1xa0,hobaalblushi
Purrsistant1;ttudkm,donbabajaydbj,annhud,queenisingh,ahindawy1
Balmoralmorning;docsmatthews,jonesygg
FSuP8EpmXSJhtF7
dikkenf12;dikkenf12
BahamaMama53;bahamamama53
sweeettweetie;sweeettweetie
Eriszona23;eriszona23,i
Ferenchak;ferenchak
Heather_Nueart;darrel247365,curt767
Spartan2dn;i,spartan2dn
Kingairpilot68;i
dalieat
Biloximeemaw;biloximeemaw
Lkmfday789
lochhead_james
Ajwerko;madelemons,ajwerko
Ladybounty2000;ladybounty2000
Texan4Truth;texan4truth,case103060
jcooper1800;jcooper1800
lagbusiness;newarkplanning,rgizubuchi
BarbaraMrozows1;barbaramrozows1
PattiHum;pattihum
beth4158;beth4158
kirschenb1
Relax227;relax227
PammieJaye;pammiejaye
MichaelWMassey;michaelwmassey,i
cgnetwork;awakeningman,anthonycarranza,wbawa3,rosewoodgirlz,amyfein
yankees10giu
MadisonSOA;madisonsoa
HoezJulien;hoezjulien,i
Colleen5Shannon;mrkyll,trumpdefined,colleen5shannon,hashtag
conci66aa;conci66aa
thekensy46;hairosandra,edanurarz
AlfonseKakuja
msufans5;samgrittner,msufans5
theDanimal16;thedanimal16
konobi;konobi
GauchoCowboy;gauchoint,i,gauchocowboy
catalina22mom;2017gamora,drdind
AndersonRP531
hw_renewe;hw_renewe,statuses
Chance_chris71;chance_chris71,ellingsonkc
unatefixueh2406;anaagt...,anaagt_rjl1207
aces_3k
jcartwit;jcartwit
javadewd;javadewd
sarahgoodman777;sarahgoodman777
SerialTweeps
putatoschingon;santamuertenb,chriscom77
julyg1960;julyg1960
RMJewell;rmjewell,jaynemccubbintv,xaeromarine,ranna83,francis19ph
Laurawasniewsk1;laurawasniewsk1
DavidDiedloner;i
jminer137;jminer137
wendywelberry
ibukinokoi;ibukinokoi
Unilagelite;statuses,unilagelite
redmadden;dirkins
mikemmontenews1;mikemmontenews1
andrejfnovak;andrejfnovak
Karen56545324
KerTG;osgood_is_good,cllrallison,widdersbel,diankenny,1515barney
iowabear72
Young_Pooks;bigpookiebear98,young_pooks?lang=fr
NCfarmer321;pepcurrentsmag,angelitapar,jarettdelbene,reidominguez_p,ponymule
marcventresca;sbscareers,realrasha
StopRussians;amerresisters,apwriter
KulveerRanger;kulveerranger
DocDre;docdre
OsterdayJr
dai267712
MMeomi4r;1053thefan,inthemageors
richrake;gabrielsherman,richrake,waltshaub,mitchellreports,womensmarch
DblDaBullDyke;dbldabulldyke,jupniels
BeamaBeorg;olliethinks,sarahnewsham74,catherineryder,wilmawombat55,saurabh_jamdar
WhosFibbing;whosfibbing,iovlsevilla
sardine94
VinnieMDiaz1;alyssa_milano,shannonrwatts,sethabramson,nytimes
ForreverKing;leabenegas,morzx6
jtheq;jtheq,statuses
tolugermaine;@tolugermaine,tolugermaine
Moshkom;moshkom
TheCamGirlArmy_;thecamgirlarmy_
shanelowe7;joshjentheblock,stellarisgame,dprk_news,shanelowe7,meejahor
AlisaHilde;alisahilde
toypilaNews;toypilanews
cj_spinks;jdawsey1,pbump,arimelber,billbrowder,washingtonpost
TrumpTrainMRA4;statuses
gregoryhaines;gregoryhaines,kaitlynmpowers,mikegiacalone,heismanguy,ksatt
DisneyFamJam
proudliberal63;hashtag,proudliberal63
stephbagel;stephbagel
Chkfoofdiz;hashtag,politvidchannel
ZOMB13K1LL3RS;oliwankenobi_,wipkippetje,zomb13k1ll3rs
CotySJ1;cotysj1
patti_parada;patti_parada
FangedFury;davidsirota,fangedfury,jphaydenjr
RiffRaffDJ;kinhona7,riffraffdj
ladycat713;purrfectmskitka,hancock1inc
eric_sitton;pissedoffyank,samharrisorg,hashtag
Deejdelo
dgmlinc;bluemorrisr,eliletok
MieczynskyjT
OldBanner
DemocraticBlue;ryborg80,democraticblue
Laura5871;laura5871,sherifink,oliviaresists
AlternatFacts;sophiesamushia,john_filmore
gbcrev;kwelkernbc,nbcpolitics,hashtag,erinburnett,themarvined
SophiaCannon;mariaharchive,sophiacannon,bbcapprentice,palace_andy,themjap
waspuppet
suebrod;suebrod
bordoni_saker;bordoni_saker,cckki
AsnoDeBuridan
suled711
amberalexander
BSR163;massbayintact,stopcuttingboys,fair1ife4a11,briandavidearp,davidschneider
Rhianno18150672;rhianno18150672
lgilliam58
tato_kay;engr_bhutta,pheedim,dombgreco,sozine3,amalaswami
profpolitics;kerri_stewart,rsullivanrod
rosato1030;_nocaresgiven,clarkcc15
Sukesh99475574;allulaxmana,shahidkapoor,thalapthy007
kmmcool;kmmcool
BrianHallDev;brianhalldev
LegendaryMKC;a_walker1908,the_evantetopp,ashgotthis,e_ryzzel,its_shanequa
chadwoodside;hayden_solon,neyzenim
ssconetwothree1;ssconetwothree1
nyikizozo
linda_truppi;roman48974589,newyorkgiantsf
erin_ohagan;feylin,ripple,rsocialskills,hashtag
ofafreak;drbanner2018,ofafreak
ScottRBStrom;scottrbstrom,kaist455,hmfharch,tammie_walsh
WashPress45;washpress45,press45th
rockefellersr;jdrtherock
Animal_E81G;robbrightwood,chiefoliver
interfax_news;paulopereira106,semideologias
Sundancer_UK;sundancer_uk,cumberx_file
NestorEU
OrganicSage
juventustem
wizkidayouk;wizkidayouk
minlongley;minlongley
DonnaJoWilliams;donnajowilliams
HazGoneFishing;mistabronco
Cozmancometh;carmelacorleone
ernandez3b
TLippoli
nbtoro
Scarlet099
rawlings_cindy;mymuddylife,dicklesstrump,catebohn,albernstein,defeatthenra
AmandaParksXO;amandaparksxo
mjcdavis62
Gabrielle_Chana;gabrielle_chana
PoliticalBee;politicalbee
TroyCoby;troycoby
charlie1victor;charlie1victor
mandibleclaw138
Ingridebap;ingridebap,sunnysgrl62
hillcrester;hillcrester
Nikiwinks
carmencasablanc;...,carmencasablanc,i
yamuis
GKritic37
tearock;tearock,joanisparkles
Mona_harrison;swampwitch99,mona_harrison
RobinTryloff;robintryloff
kneadinghands;juliahart923,discjocke52
Trumponly;trumponly,brentcoffman811
BillKS1;billks1
giselle97;hashtag,giselle97
twocanplay_l
BrendanHoar;hashtag,brendanhoar
IdeaGov;synoptos,readergirl
boltgrrl;boltgrrl
Drob1947789
c255666a459a495;c255666a459a495
117physics;117physics
PetMikRan;petmikran
deerleap62;deerleap62
Montblu1;ddazzu0925,ming0322
BlueberryNutrit;blueberrynutrit
HuongLe148;search?q=%23nightvale,itsstquotes,huongle148,lordsnow
lhgut;elsamonti54,seggy23
shopperann68
lokimaros
mymretaildotcom
ShazinOr
C2p2gGlass;@c2p2gglass,palacetheatrenh
420institute1;statuses,420institute1
ZipCloudy2805;bywolfteam,pyotr_fedotov
Rccard1999;rccard1999
StanEFairchild;williamgorelik,stanefairchild
Howdiddly;howdiddly
WendelTaggart
franklyj;franklyj
turtlesisland;turtlesisland
mikeandersonsr;railsafetyfirst,hillarizer
EnnieOrlah;ennieorlah
Genocide_Joe;genocide_joe
isthatgaymike
SayWhatIWant6;paraguanero50,aquelafalsiane2
BBFunk01;bbfunk01
MSchroeder117
semenazlomec;roralkhaldi,selfmotivation8
gillsstuff1
tckalways;breastfeedingny,jcarole,hashtag,nancymoskowitz,@nancymoskowitz
AJlikesanimals;ajlikesanimals,i
BenOlso81249054;benolso81249054
IamLita;hashtag,iamlita
tawnylwilson
ScottCLT;scottclt
NunoCFerreira;hashtag,nunocferreira,jocandeeias,urirosell
DaleRutz;nadabakos,dalerutz,tburages,tunedhuman
PhilDeCarolis;rpcoin,khostblocker,anonrevolutionn,troytulowitzki,fulibertarian
JenW100
SusanSPatt
k_egger357;k_egger357
imyamutha;imyamutha,cristoogle
Josephagasper;josephagasper
JerryLSF1;edkrassen,yokoono,wokeluisa,williamlegate,rosie
bush_gma
OlafWipper;olafwipper
lpy04
jollycolley;tamoriwiki,jollycolley
SonOfGene46
mrstreed2011;hashtag,sharonrolston,erikweinberger,wwe,jorgeknows
Colleen46646347
gloriaminott;gloriaminott
FernL2004;fernl2004
ireneandrade10;ireneandrade10
ProfStrachan;profstrachan
losivad;losivad
Bangalikannya;bangalikannya
BillyDanes;aniket_cd,dimples0628,yahjskei,manojba50167091,trericciwines
DavidEa14555639
gloloh;gloloh
GiselleAlbrech2;stormypatriot21,imp_peach_trump,gametheorymedia,smark_wallberg,travisallen02
McJuststop;joshhalliday,mcjuststop
newtman;eastdakota,newtman,jensimmons
WCaddict
kfree59;seacastlees,alicebrowder,panomeia,tygaboxsystems,calvaryfb
One_Icon15
jr_organic;3e328473bb4d41c,non41mem,bjw04rqyjqvf0u4,qasemaasem,janca27198818
hmbryan;trinitydc,misslindner
pineywoozle;pineywoozle
news9_world
nocturnxaround
FrankStracco
loopyloulou1982;hashtag,_thinker_bell__,davidhogg111
JackLucas5;joenbc,benjealous,jacklucas5,playstation,writertowriter
alex_marquis1;alex_marquis1,i
Putin_Potatoes;danaroo4,helenwilderspin,keepdreamingout,photosynthekris,lyndsaymcnails
wildfireeyes
Duckypam;duckypam
ScrogerMichelle;scrogermichelle
conneecanfield1
Oroloro;luisuchirra,oroloro
BetancourtNy;betancourtny
kingston_v;banks_shona,kingston_v,nglowton
youarescrewed;youarescrewed
danieltremblay;aisiteru_____,panchabella
DirtyButClean;dirtybutclean
citizankane1
WPHXhQSjj19aenO
Sandee9378;javad35187695,sandee9378,crazzyintheusa,cptpascal,jeffrho26288537
thisbadassjo1;thisbadassjo1
JimBluesman25;wassimabdlmalak,mansoureid,momenzalzal,amygh2001,abuqasim90
doclaphroaig
dolfan1139;lawler_courtney,umiamiftw,cryingjordan,hashtag,lambka305
Mediabeast3;willie_t_smith,kadir_ceribas
Chrismf6;chrismf6,brodhist73,hashtag,rivi1212,realdonaldtrump
rfoxmich;rfoxmich
abracadabraNY;frederickmpowe1,kv_attorneys
pittsstop1981
JRReynolds37
jlokrkqadd
awhjared;bo_goshipda_,jupitmin
tom7p;tom7p
HowellGina;howellgina
Zoniman;farwest8,puerta_alejo,ahmedrjlove2010,marioalbertrios,parkysteve
jfchiff
DonLinn;kalenski,personanondata
paullb14u;paullb14u,zigzagman_ihub
AngryPBlogger;hashtag,angrypblogger
EIWBM_Cat;eiwbm_cat,dogloverliang
chrisfayers;aynrandpaulryan,abc7joshhaskell,megadethgirlel,votevets,msnbc
Robin2829;dark_goddess17,1993pc,singerock_star,dfacelessfairy,maleja1985
PomPomFox;staciewickedfun,bfg_ishere4u
hussein_nouri
MatthewSDunnEsq;matthewsdunnesq
theqeenofhearts;theqeenofhearts
alescaletti
JeffSmith61
Allchanges
sdesserman;sdesserman
GameMasterPOW;i,gamemasterpow
mjpm880;jdseagle,longfortime929
mstovik;mstovik,i
BazookaHorse;bazookahorse
dgomez007;hashtag,heyyynicole_,dgomez007
HalcyonElephant;chansoo_poems,sadiespillner
irishetchings
HeinrichT9;hashtag,ruaviaphotog,heinricht9,brilliantmaps,golinehatai
bbluetrue1;americonguy,lisa_garty,e8ret,marypharaoh,therealcornett
seekingeldorado;darth,seekingeldorado
PeggyRuppe;peggyruppe,fitzie63
frankiediane;kellylyman,donnagambale
Kaitwrites;kaitwrites,kitloveauthor,i
TheSteveHolland;i,thesteveholland
FotiAma;nordfrisiske,_s_d_a_
mjlamb70
Sheilam19534814
SKar2318;alexburnsnyt,juliehdavis,skar2318,governorbullock
jackie51young;jackie51young,grannybadger
queenofunseen;queenofunseen
UnrealDTrumpy;catinhat6897,aguayoorto
lindhays;deedobson2,northstardreamr,laura_perkin,brendak84791670,jeanfeimster
LinZLouWho88;bertrand_frot,woshaughnetron
JuanHGonzalez1
JuanSomePies
hollynoats;hollynoats
colmant_;colmant_
ResidentCat;residentcat
BobApposite
TxnInExile;dpowers72,reunder40s
VE22738130;ve22738130
AfcAllison;lizziewriter
c1w2d3
tgits00;tgits00
NPacult;npacult
Ferjani9arwi;ferjani9arwi
amestr144;jmichaelantonio,baileyyvonneb62
jfbargh;jfbargh
LubimayaRussiya;lubimayarussiya
johngodec;johngodec
twilgaming;neetesons,twilgaming,#!
legalCAT10;doubleaob,bachooya
rls2822_smith
rocket_rosie;javism8,javiierare_
PvOberstein
ElaineMullan1;indylassie,samixriahi
RLSRUSSIANNEWS
Michell18311124
Backwardsquare;backwardsquare
Bryan10101970
PereireM;erikdassi,johnstolt
RandyG87;thomasgraneyjr,wildcatlife
clembos;clembos,tim_mellen
lherrero;leojacket,ministrociencia
sue_meadows11;sue_meadows11
Cristi_Wolfram;cristi_wolfram
mjtf471;jbendery,mjtf471,everytown,coupdevill
pr0100tuk
Mendez_Alese;seacastlees,panomeia,orangebowl,tygaboxsystems,astategreeks
SueMeImAtheist
VonnieR57;hashtag,kleopatrajonz
wjfairfield;wjfairfield
WTF_GOP_CUCKS
Dee013Dee;yca_nola
JOLYZOO
mary_swilling;mary_swilling
filmish
MarkChavezTX;markchaveztx
kevinaudigier;emy_cft,ft,kevinaudigier,nicolaspeycru,omchazot
1liners;1liners
asiannicensweet;realchemistry,hashtag,n_yorkchick?lang=ar,piperperabo,asiannicensweet
aratina;unknowneric,latsot
NamiWallace
bdnews24;bdnews24,hashtag
hermanbutler1;hermanbutler1
JBax52;1beautyisabeast,jbax52
DailyNewsINDIA9;naoki22976068,i
cindyrelish;bparker46,wkatcrook
rezmason;rezmason
USGOVIgnorance;popan72,gogerman6
modelerr
tryconsiderthis;runn4urlives,tryconsiderthis
Numenor_dm;focuzed7,whereiputit
sjarichards;patrick_kidd,_hwright,sjarichards
CxlTheClownShow;jeansasseville,thethrillionair
TimothyStrobel1
isa97;isa97
doctorfaustroll;doctorfaustroll
mmjblair
Larrikin_g
baadogs;guillermochavpa,baadogs,hashtag
pbfa;zachwritesstuff,lizzwinstead
islandjanin;islandjanin
heymerlin11;heymerlin11
LINDA_BETZ;dtxergaomnes,janzforcongress,the_unsilent_,realdonaldtrump,firegoliath
RainyMyth;rainymyth
clubciso;clubciso
papahaha2;cityofdanbury,ajmeuers
KMillerLiu;kmillerliu
angel_leigh;angel_leigh
GodsLazi;andyjenny4,ikechukwuonyia3
rivkin_suzanne;rivkin_suzanne
ErnestNewmes;1premiersports,ernestnewmes?lang=bn,hashtag,aldridgejillian
Vigo2Rob;vigo2rob
ee94d7b6360945e;michaelbraskov
1CrazyBeach;hashtag,krassenstein,1crazybeach
JohnJKing2;johnjking2
NovaSnark;501sif,madawe911
ResistSunset
jb7169;jb7169
ABC7Jory;wachzetina,vote4murphy,even_hagelien,abc7jory,theamirali
KashitaBraswell;mcurley19,c_garcia9,mysteri759,lrleskela,rnsassy
ebc93b742eed45b;ebc93b742eed45b
tsgerkin;tsgerkin
prospinto;hashtag,michelangelora3,telpress,prospinto
swalter718;jonfavs,natesilver538
sfaiguy01
KushyKandy95;...,rawsexyspirit,b2qfhuve9rcp6eu,kushykandy95,kushkandy95
JonAndreasen;jonandreasen,fart,davidjollyfl,kamalaharris
clgclg;clgclg
kurtfollower;kurtfollower
vinylchica;vinylchica
djouri72;philrickardsaus,avunurimadhu
mlinton82
JohnScarlett12
paolo_past;sbalcerac,marcussachs,foxnews
CurseYouKhan;curseyoukhan,i
Katya10894
CockrellDevon;perron236
haas_e;haas_e
EricLeiderman;hofstrahillel,ericleiderman
THamilton71;thamilton71
KITTYBAYOUTSFAN
WE_Thibault;we_thibault
mikegagne;bellvisuals,funder,leadtoday,mikegagne,davidhogg111
Djalvi80Alvi;djalvi80alvi
LibbyStone2;libbystone2
kiddchrisina
ResistNow17;alstroh,igo0ta100_4bama
ImAllinMAGA;walshfreedom,icecube
Dylan_WGEM;ben_wgem,hooch_wgem
NiclasReddish;niclasreddish
TakeMyAdvice2U;takemyadvice2u
kathilynnaustin;kathilynnaustin
PDelarios;pdelarios
Itschrizwise;hashtag,itschrizwise,cffondations
vyrru1;vyrru1
gevsays
nunyabus1
BlgaethGaeth
BilderbergC;bilderbergc
SheriffFord;sheriffford
karyncorn;will_watt,bojudd1983,darrenhutchison,cdnphoto,nolhed
blfnar;blfnar
pandas4peace
manyban2
jbsteelady
literalbanana;bananahaha,sexturnip
sosarcatstic;itsugar,victoria_greco
laurahollis61;turningpointasu,laurahollis61
Sisterwitch16;hordegdcorbeau,_8206414262382
romeudesign1
Sylvaners;gildiazla,charles116,xobekim,tbmuch,joannawalters13
TKXela;jameskii,iamzylus,lomadia
rogerdwelch;rogerdwelch
Anahata56;thegoddesstree,epifaniamag
1AuthenticSelf;1authenticself,angelshandworks
DeplorableNor;tylerfcrum,nwuebben26,lslasse,nickdewey0,dinfontay
DMacOttawa;dmacottawa
daffi515;artnokj,jaf03355
SLCAdam;slcadam
Jojoinguette;usaemoji,themetdiva
thebramblemen;thebramblemen
carolkangaroo;carolkangaroo,motherhoodmat
raphael223;theblackfergie,silvia1231230
DaleKanzler;dalekanzler
cetsell;cetsell,joshtodd,marcoarment
arthursharp13
Ken_the_Trog
nevrjenny
GustieGlenn;gustieglenn
DavidBugnon;davidbugnon
bndsnoopy61;bndsnoopy61
TammyPrague0920;wiseone719,tammyprague0920
iamL4NCE;iaml4nce
DavidSantoro1;davidsantoro1,grecianformula
Hutchins4CD12;hutchins4cd12
ssd_ben;ssd_ben
flatoutfunny;flatoutfunny
MAGAUSATX;islandreversal,sheeitdawg
Frankthiel71;devanmccoubrey,nycaspp
setsukowhipple3
sandi_childs;sandi_childs
ourCOG;ourcog,chattaroycog,gracecovshelby,churchofgodnbd
cripttext;cripttext,@cripttext
nash_girL;wsmvdigichuck,nash_girl,troynunn1,nikkinoel87,richardbc018
CarHat111;ghtry55,riverpharma
TheMDesk;hashtag,themdesk
ResistMonsters
naveensanders1;naveensanders1
MickyBTFC62;billericaygfc,ricayfanzone,steve23crocker,btfc_colts,tombarton23
friendable2017
MamaStone23
MaryC_mlc4123;zoe_rudge,farmfactfriday_
AncientOne007
LemaitreAlso;i,alicelemaitre
pedo4erte
rqnq987_ray;rqnq987_ray
hotmoox;hotmoox
ygrek07;ygrek07
dicknbon2;ottawacoohdems,donkeywatch
darmagirl24;darmagirl24,tedcruz
sharihorne68;sharihorne68
happyloner;happyloner
Nefertiti_QB;nefertiti_qb,thetweetofgod,stormzy1
curiocat13;hedhouseman,curiocat13
MrBravery;mrbravery
HickmanPolls;hickmanpolls
JamesGreenBronx;adybarkan,felixsalmon,mmpadellan,jamesgreenbronx,johnfugelsang
sherrissecret1;sherrissecret1
leftoutside;astrospace_issa,omanimn87
foxmonkey02;foxmonkey02
marekingu;marekingu
AdamIscove;adamiscove
semarwinmd
News_Contagion;news_contagion
Cking2015C;cking2015c,calibodhi
lorenza71319
MamaHandy11;mamahandy11
rausc15;rausc15,trumptweets2020
kuukkeli5;kuukkeli5,peachy_alimon,peachy...
RealTexan46;realtexan46
SachiKnight;ant8johnson8,bltwitchy,johnross43,eternal03,ttravelteam
BarbL219;saralynne65,barbl219
simm_has;i
rnsimon
JWorthen2020;prewcpruss,jworthen2020
steveprocko
g_998877;g_998877
karmelaje;karmelaje,davidlakhan2014
judirn46;judirn46
BlueCrew2020;josepsr,beelievetech
KesVon;maryland4trump2,thomas1774paine
thejoeofarc
CovfefeLadyC;covfefeladyc,statuses
HazellRobin
dianalynk;dianalynk,buzzfeed,arimelber
tijdingNL;tigirkut1,ultimateone
tennisdoodle
crj_2013;crj_2013
Sleepytime78
felexsanders
aspronin;johnrcoby,ritalucido
OceanBreeze1977;oceanbreeze1977
xosred;tastefactory
EmmabBooks;emmabbooks,statuses
achena21
SuelouiseS
drumbasstea;drumbasstea
SolomonGrundy33;garyglutes,omar_loco_maite
notrcktsci;bernardgaland,rezaditsma
zhangwei642;zhangwei642
toybanker;chamoff98,goonie_gee,tranquilshbear,stouts5thperiod,counterchekist
SarahHughesSJ1;sarahhughessj1
MECPrivacy;slhintze,hlwachs
mymom07;@mymom07,mymom07
jsmooth_00001;hashtag,jsmooth_00001
440yorkrd
alaskanikaika;arnmagnusson97,thoreau_h_d
terilg;terilg,inboxinsight
SJulianJames
compuguy;melanna80,compuguy
MrDustinS;mrdustins?lang=ca
airchick99;airchick99,sjwolf
aalmulla5;mohsinr83829419,chandan492256
Marcelino4AZ;marcelino4az
Pirate_Queen007;skinnock,iandunt,jonnywoo34,sonofbrown17,jonashworth
lady_eshaa;lady_eshaa
barrygartman;smirre110,novyartkcuf
hughrjteyf;hughrjteyf,i
betmc
EverettDoreen;everettdoreen,kaivanshroff
jorgesilvawkca;santhiaroxy,gmoool1128,devil_ztt,danalaplusdrole,behcetkarakas
bluerose3z;chichiyo1,lfan_azuki
lisaevans1973;lisaevans1973
tumalwas;tumalwas,_danke_anke_,dlf
YossiGestetner;yossigestetner
anonguy1960
mmehenriquez
oldladywisdm;oldladywisdm
gifuoh;gifuoh,balhamarms
GrkStav;grkstav
BeckyBNeustadt;beckybneustadt,laughinghelps
Cathy_DobieMom;cathymdonker,cathy_dobiemom
kj0ne5;kj0ne5
OlehHerasymenko;olehherasymenko,pochta0pochta
Wiliswet
Future86289992;carlo_yovanny,bakhtiari1996
caroline353353;caroline353353
GodFatha702;londonimages00,jimalesi
PoschAngela;poschangela,drdenagrayson
WhisperLDM;whisperldm,lisamorrellrrt
megz_dad;megz_dad,stevenfenig2
hayley_d96;hayley_d96
DoctorPanama;doctorpanama,seftonfdn
ELissa66981843
DrunkVoltron;hcole12,drunkvoltron
mifarandolph
pchestek;pchestek,keynote2k
Patwate;patwate
USAirForce92
eddienotfunny
salbug;salbug
ayosaba;ayosaba
VikingBearGod;vikingbeargod
eternalrtrn;hal,hal8950,jamiestapes,yarsully,pwatamaniuk
BBukal;bbukal,gmandarino
LJT_is_me;ljt_is_me
wdmarch;wdmarch
DanOHerrin;danoherrin
JasonTinsley8
jerrigirl;hashtag,favouritethings,jerrigirl
mdcfBBA;mdcfbba,davidhogg111
RobinCogan;robincogan
jebitor;jebitor
Ardamora;ardamora
nancyatra
l_soboleva
branch_4th;honestabepicks,presidentlies
ResistWitch;bernadinefox,cletus1969,lorylorybb,grizzified,1965randy
mcarsonaos;mcarsonaos
MickowskiBob;mickowskibob,i
xseane
larrigan_rose;larrigan_rose,i
nanadukes68;i,nanadukes68
lovinghisword;lovinghisword,davidgarcia83,presssec,foxnews
Kim_AussieGirl;michaudlaurie53,kim_aussiegirl
MBoyleAZ;mboyleaz
ECFCJJ;ecfcjj
Occupy007;occupy007,madawialsaud
cartstuff;dbrennancyw,cartstuff
anirbafios;anirbafios
sortofsmug;mplsflasher,sortofsmug
lorac328;blacpire,imkarsen7
mattiamass;mattiamass
Rav97Starr;ns_pspp,gidion83
bruinjive;bruinjive,ibewvotes,victoriasanchez
CallenFamily;markhumphrys,asjbaloch,halalcoholism,callenfamily
Sjdivadolly
jihettly;jihettly
skypilot18;hashtag,jwoodchips
mrspriest85;hashtag,mrspriest85
Buckleup36;buckleup36
chewbooks
Phil3rd;phil3rd
curmudgeon_girl;curmudgeon_girl
WingnutRight;vanesab,trumpclown,wearethezoowolf,828rupak,humanoni
EllCiii
Ramishahid3
rabbitoreg;learnengage,rabbitoreg
ThomasWChambers;fakedansavage,thomaswchambers,thr,adaripp
EeezeePeezee143;tucasardinha,_rleon
emden1692
BAR_Engineer;bar_engineer,therickwilson
VVladimir161;vvladimir161
clarkinedward;mim52048222,gsestrada1,alexloya11,ramezurstudent
d_rymut
LeonLSutton
DrAubyn;kohllibrary,rchristina
MikeZybisco;verdecc,eleku_,atheismlove,damnatheist,ac_pilot
Graceann319;graceann319
MrSelfAbuse
MSUMarathonMom
LibertyHowl;hashtag,pammiyeung,truthjusticepod,abc
EVitt;evitt,orrchris,cmclymer,charlottealter,kltyler
verodago;verodago,i
Dougan55D
xoxo2u2;xoxo2u2,shabbir_c,rasgulwa
Lasalle922014
feochadn
Cons_Mama;kokkakira,cons_mama,sawy_20,netflixmov
kirdarearab
RonPyke;ronpyke
SingleSpeedGo;singlespeedgo?lang=bg,singlespeedgo
kf94057373
jickfoo;kristamckinney,weaponant
sinaisara;sinaisara
jasalinas2;jasalinas2
stevenmarx;macgamerhq,stevenmarx,sitkashares,hashtag
southforRu
YoBusiness1
oceansidehotel;oceansidehotel
Russiancolluder;sovietfurioso,horenzienenzw
Ann6217;ann6217
ktm62;ktm62
fontanat69;fontanat69
BelvidereBarb;biloxibarb,belviderebarb
ravengryff
Kane061050;stilltrill69,antoniordv1
Educate4ward;thisisvted,educate4ward
BrendaDedad
Cookiemuffen
Swamp_Fever2020
jimnimmo31;ssinghshuvam,tsetse97,jimnimmo31,fishermensvoice
mdmynatt;mdmynatt
SSavoie1;hashtag,ssavoie1?lang=ar,people,thr
kaxelivar;kaxelivar,i
lorrinesilva
A_agadjanian;a_agadjanian
skinnylenny1965
MeaCadwell;meacadwell
NothinBetweetUs
arielquirozart;hashtag,arielquirozart
jomondrala;horsebridge,photolondonfair
INFJPhotowriter;assangistan,infjphotowriter
Dutch46
N8tiveDreamr;donniesimpson
matthewcrist;stonehippo,robotpie
james_mogul;asharangappa_,benshapiro,adrianchen
the1murdock
LynneMcLawhorn;lynnemclawhorn
erikhalvorsen18
fjvillafana
OmarV09241992;omarv09241992
PeterStaker6;lisambain,milhaus11
bethjack2012;clubwhitwest,manorofgroves,gopherapps,vouchforthat,shopbrat13
MaryFarmerArtz;michellebelto,amyroyce
kim_iam
steve8282;steve8282
young_maymay;parrottwealth,charlesmblow,search?q=%23maymaylivingthedream,greggiroux,young_maymay
nina_mrs_mummy;nina_mrs_mummy
FireFly57;571mesut,enginkarabulu25,kyilmaz40,preitich1,turkersimsek
jcunwired;jcunwired
gridiron_guru67;gridiron_guru67
DianaStTropez;cfranchitti,lucy_v_p
keithivey;i
3isamagicnumb3r;3isamagicnumb3r
rockytyler1980;o_ken7,owg_r
phrocka;phrocka
pmcall;pmcall,chuchorenegado
JK221;mattyglesias,bkerogers,ivanthek
ad_foley
ByronKennerly
leyana__;chelseafc
nancylmitcham
VerbanesLisa;verbaneslisa
nybulletins;hotsaucepls,nybulletins
marion1100
SafiyahNoor1;safiyahnoor1
karigar01;karigar01
Leif1956;leif1956
bb009
MorganMontague;leif1956
AltFawn;vrenaecrutches
Gtarman13;gtarman13,i
stairski
bellamagick315;marlontrev,bellamagick315
whirlygirlsx2;thefreeworldorg,dancindoug1
kalocraw;drow_god
JessesLaw;adarehrm,isaaczburke,pgvlaw,kakahillary,sbrreview
CryptoTraderPro;advisorcrypto,markets_crypto
LindaTallons;vickyvicsmi,nja5
angrytwinsmom;punkydelamuerte,anecdobosteras
James_Savage15
Flower08566967
ahkhdublin
your_neighbors
KDTuggle1
Nievenero;nievenero
bobmuellerwkrn;jameytucker,anneholtwkrn
JohnnyRadio;jaonofrey1,grimace4life
gayle6750;hashtag,rvawonk
stockguy61;trumpsfrailego,valerieonmaui,jaroszrachel,kevinfarris,whatthafman
rider505
AngryIntellect_;angryintellect_
cornholio74;cpps_codes_dica,cornholio74
johnbrummett;tbarkansas,johnbrummett
Fleetwoodmack3;warmdiiz,fleetwoodmack3
omen_syria;hashtag,omen_syria
Depearlsocial
MousyBrunette;mousybrunette,vauxemma
PitchThirteen;pitchthirteen,stinkshovel
HOPE4THE_FUTURE;hope4the_future,thingsley
VVeThePeople;hashtag
ser9ee
AlesiaCato;finest_ari,hungerlifeco,samahzahran,terrellmusiq,emmapikeuk
Angela48525188;maryjblige,cameron_kasky,hashtag,washingtonpost,crampell
seth_hedberg
Kat1300_OB;kat1300_ob
flip5coins;flip5coins
real2OffendIsOK;net_worth_2016,real2offendisok
shriggitty78;shriggitty78
cherry10k;cherry10k
Labour_Insider;labour_insider
Ed19642Ed
7bluebelle;menzah7,hughesytweets,ruhumbedenimde,kurtvermeersch2,tolga_ergene
BobinHB;captaindosequis,brice
bails94;reynolds2g,brandleymatthew
mquinton32;mquinton32
campbell_trayce
DesignKelsey;sachakot75,...,designkelsey,kleinraumdisko,lynchratx
everton_de_leon;everton_de_leon
RamonaR59232375
sjenk26;aspiegel10,pwshcoachsmith,ttpgary,brookscoetzee,zachrules7
shelby470
jenmaywilson
Earnest_One;earnest_one
VonnieCalland;vonniecalland,keithboykin
AndrewSHigh;andrewshigh
andreiolei
eli_grandi;eli_grandi
mojeaux18;mojeaux18
BairdBev
BrentRetherford;brentretherford
utonaafae
BruceLLawson
Do_ShutUp;do_shutup,heyratty
Limeylizzie;kevinmac_27,limeylizzie
MauiWahini;mauiwahini
barlow_robert;barlow_robert
hajonesrva;chanfrau2,stickmanartwork,paulettescook,hajonesrva,nancyspriddy
NigelNut1
TomMacIsaac;kenney_tom,jacobwe,tommacisaac,danielmaxwell,davidfaber
psalasr
freedomdream008
TudorEynon;tudoreynon
Marcie_OC;hashtag,louisemensch,jonathanvswan
JamesonCurnick;forexposure_txt,tallypd,concernedape,blanc007j,twitch
FortRussNews;fortrussnews,fort_russ...,statuses
Trumpgot2go;trumpgot2go
cjohnson0106
Orions_shoulder;doghouse1969,igozmo
marisollugo71;cateringdoc,marisollugo71
boitedeharicots;boitedeharicots
NDOG436015;ndog436015,muddywells
eliseambrose
veggietrunks;veggietrunks,hashtag
TiffanyBlohm;rizakanakbar,firemeelmo
dianelangford;dianelangford
malasadasbooks;malasadasbooks,janiemart
CarolK47
karnikakapoor1;karnikakapoor1
MrMeMarty;uuchurchbg,lmsancienthist,mrmemarty,bakkermarge,dr_khansa
ClydePhillips
Magic1X2;magic1x2,10plar
CorporateClergy;corporateclergy
cuffeddom63;irishguards9590,cuffeddom63
karamitsos_s;karamitsos_s
Nickiflorida;nickiflorida
DavidHeadViews;davidheadviews,professorblitz
i_particle;hashtag,search?q=%23pepefacts,ladies4harambe
marieproia;marieproia
shamshiadad;shamshiadad,historia_esp
ringsforfun;stephy_nose,lacerd5
fromknoxville;biicristina71,aseeljamal
naynayfig;namoralsemata,yehet110_0
dunnet26
cherryaddison
budabng
QuixotesHorse;bernabetolosa,josemanuelrang5
paolopeluffo;gulfnewsjournal,paolopeluffo
ChariseShorter
ConstantyneXI
BayAreaFan19
GIR_atx
teckroat5
jmickspike;legalkeyboard,uvamenshoops,mlbtraderumors,ryanjreilly
Kathy60329206
PaulSE10;paulse10
GrosecloseChip;themuricaway1,realmen_r_free,hjtaylor,jimmyleonard11,freedomeagle76
Flblueskies;flblueskies
Jeswal_63;jeswal_63
BagatorBryant;ben_wilkinson06,arik_gilbert
Willwesurvive2;alanhausdesign,medrickryhap,friaslm,chrisvignettes,ednagonmc
NicoleCLDay;kristen_duvall,nicoleclday
joke2power;randallhmiller,joke2power
rmsylvia
heidithegeorgia
FLO_TechGuy;flo_techguy
mogsiemus
tennisp
Agedcragrat;agedcragrat,rydal_mount
DrMartyFox;mikandynothem,amymek
barnes1_linda
Have2doxies;have2doxies
rockettgal;rockettgal
Barbara51864478
WarmongerHodges;dave_burns_,cafemulino
ddennison303
EllpauPredi;ucvog,_elliemitchell,foxxy0007,alamer5143,noorman2020
Grinch52083042;skynewsaust
Jamesbeall8
helenehrenhofer;moistyatsushi,jonjusth
mf36;krassenstein,mf36
TheNakedParty;cynlis919,lovdem66
mamadunn1212;mamadunn1212
BigNanny62
Mickster_1;veronicacasola1,elizabethkapasa
Plantpot20;plantpot20
FI3yB1d0HNmGh8F
pendulum5884;pendulum5884,@pendulum5884
LuttonKyle;luttonkyle
BrownJessemb27;fritzler575,annierenee
beaker1960;caramckenna3,andrewphtyrrell
DCQuestions
MamGoBucks89
Jones4Nevada;jones4nevada
color4u2thomas;rbalzum,color4u2thomas
LexTalionis97
dianamroland;dianamroland,morvenchristie,jonathanvswan
debcur67;westyn,lizstack117,wendijwilliams,petie001,corythrush
47ballygall;trumpslayerx,statgirluk,aimee_coelho,miloshaymin,tgifemslash
russian_market;russian_market,simsima392
GKoury;gkoury,i
1975CandaceW
LakeTurner;laketurner
nature_art_ed;jillkranz,karides_antonio,mbrylawski,nrdems,danacwade
Lissetteyala;lissetteyala
Leictreonaic;leictreonaic
kevinfinch23;kevinfinch23
MisterBalam;hillarizer,mysteri759
dammyogundipe;dammyogundipe,teniwhiz,hashtag,bestchic01,tope_ogundipe
PavlikMorozovBG;pavlikmorozovbg,ofita92
marta_cardim;queilatrindade5,marta_cardim,julianoitaqui1
DavidSc12274097
naga1961;naga1961
dougkelleher23
brolshevik;weareyemen,laynejoy_,evanviveiros,klauslast,livia_trevino
ameehan;nickconfessore,ameehan
kathedden;hashtag,kathedden
HaydnPuff;haydnpuff,thecinemasnob
BlueDuck7700;solentgreenis,patriotjeweler,kristenl_m,savagenation,j_maga
Medici_Bank;medici_bank
notmynamebutIam
lizeraly;lizeraly
BarryCollison
TreeWill303;covameporkins,brendamaya9716
plainjane52;plainjane52
Ameer_Siddibe;ameer_siddibe
haugland_sam;dutcher411,haugland_sam,1dirtyape,donsechelski,lynnwelsh8
pixiedust5135;pixiedust5135
MishkatMutaz
lucy_lee243;jerovn,favabean7
BooMammy66;boomammy66,realdonaldtrump,sentoomey
Happy__Pants;newatlumc,happy__pants
akuma_river;shannonwalsh17,shelleyrisk
matrix____;kiyomizu5,edtoyorg
JamesyPalmer;hashtag,richard_conway,jeremycorbyn
AndreaR9Md;andrear9md
JimmyMcCoo;jimmymccoo,i
frannyhelen
what_if_history;hashtag,what_if_history
leftwingnobody1;leftwingnobody1,zepad,arthur_crpt
RDSaraceno;jricmotta
GretchenL0703;riankhart,garygwritchie,azlenderrobertg,williamcrespo,ruth_ferguson
tweeter1948;ncsarah2va,winsipedia
samanthsmith1;samanthsmith1
Columnist45;kuva_yi_milliye
justmail04
KimC31169;awwpost,mandytattoostoo
digitaldoit;digitaldoit
Angelwins8_;hashtag,jvandivender,angelwins8_
LimeyPatrick;limeypatrick
FishinBones
PresidentCamden
rustilev;rustilev
ArticSun1;articsun1
OccuWorld;search?q=%23occuworld,occuworld
pschitzel
20committee;20committee
Guardemocracy
art888777;art888777
rayamery;egamitaiyo,rayamery
LisaTeonly;lisateonly
SandraTony17
jetcity1964
opfawcett;opfawcett
MTS23;alicedesormo,mts23
Lamarama27;nvirvavosss,preueth
Neen_Katzmann;joebiden
whetzel_sherri;fintofile,whetzel_sherri,hashtag,prisonplanet,johnbcrist
ggma5757;kentonlr,gopvoice
skyfishgoo;ilovetaguig1,skyfishgoo
SHB2805;kab3d,constantcap
suprninjapirate;search?q=%23alegendisborn,counterchekist
Tosaaan__
TEXsaysFU
KimTompkins14;prakarshvibhu98,dackette,gulinsky_john,j3fr94,mel_russ54
ranumpowerplay;akbar_alghd,yummy_elapid
Donovan97320;donovan97320
observatory_me;observatory_me
RROME24;rrome24
W6MSU;w6msu
iamLucretiaMott;iamlucretiamott
JeffHendrix88;jeffhendrix88
mhowarth_;mei_qua,mhowarth_,drankat
BTLRadioNews;btlradionews
tennisplay1205;kstigerlily,ppark916,laurareilly,tennisplay1205,berta0540
Michael_BloomMR
TexanAbroad;texanabroad
EtreEtro;jason_metcalfe,etreetro
TheMMChief;themmchief
camaroyellow;camaroyellow,i
z2f9nkGZLdKZlvz
pmm526;bornwithwolf,pmm526
1finekitty
amyrose70354065;i,amyrose70354065
HHL99;hhl99
JesseOben;jesseoben
ImpostorNemesis;impostornemesis,nhsmillion,michaelpdeacon,hashtag
injaeneous;@injaeneous,diptohawk
ctrobison
mebeozz
LiamM70;ludovicremaury,jguerrero_2
carolinahoecake;jerovn,favabean7
Bluebugaboo2;bluebugaboo2,lisatheheistful
KarenAttorney
davidpwil;davidpwil,coolbreeze018
MikeHarp1;mikeharp1
AleemMahira;bates063,digdougiefresh
sabrekea
kenmeier2
bashamradio;synergy3k,bashamradio,thebeatwithari
ShelShoK9s;hashtag,shelshok9s,doug_moffett,repadamschiff
xscoutie;xscoutie
I9YPCKBsIWg2Ima;i9ypckbsiwg2ima,...
hallock_debbie
nonsumdignus;nonsumdignus
lynx55;lynx55
calia95678
HananShamounNL;maria_engstrom1,marcelsardo
aim2xl;aim2xl
DeLaRocha99;delarocha99
usn112006;cspanhistory,oliviaaliciamai,usn112006
RickShawTeacher;hashtag,nowthisnews,daniellamicaela,dmfraser
STL_Anon;audryscevenels,fpsvulcan
Prairie_Gary;prairie_gary
s9tmt;abusedscout,daverussell,anthonylongbone,iangould5,farwaakhlaq
paulhaenle;paulhaenle,douglaspaal
JacekWork;jacekwork,stefanadler1
Lgraves10;lgraves10
DianeMo24012416;dianemo24012416
kismetB
GASTides;ifatokunawolola,gastides
cptime;cptime,writerbonnie
straitarrow10;straitarrow10
EvolveQuickly;evolvequickly
JaniceTXBlessed;janicetxblessed,oldhippiebroad
AdavisWilliams;adaviswilliams
EnarDavis1;yramnitsid,acracias36,svdmatrix,ahitchell
ICjV8DAMPjk9Kh4;ereanora,astroboy1233
pjheffs;pjheffs,i
CHEAUTOVUOI
BobJSilverstein;bobjsilverstein
rkyetta26;rkyetta26
JayStylus;jaystylus
SharonUSA2;setusafree,hilgemanrandy,sharonusa2
RiskAlert;kfile,ticiaverveer,npr,nwpinpdx,7eights2nine10
100colefood;tyrantrump,farbodakhlaghig
intpolicydigest;liderlerokulu,intpolicydigest
Avicenna110;avicenna110,wjddlsdn93
APipeliner;chlo_mrl,armankutman,paul_gilos,kvsmart7,leolitaa
Tynwaldwoman;tynwaldwoman
dew5901;dew5901
CynthiaNigh
ashiroyan;ashiroyan
griffinJo_;griffinjo_
flanole
KonorManogan;unitefornorth,altusnps
RexDouglasStock;rexdouglasstock
yanaincali;magicalbxtch,bot_dress,wabi_sabi_salon,yanaincali
ArleneDurham14;kellebluebird,277shunshine
PeritaRisus;somiloisabad,papa___rico,pollymaxted,peritarisus
DAlltruth
YoKristyna;yokristyna
Dee601;gilbyvm,adamsbritte
kenikeakamai;nyurdt,moheatkumar11
nathan_stein
MattKoenig10;ruhail_malik16,sarahmac12
JomzTheSweener
politeperson123
Marie10778357;bbann,deanmarachi
Mahalildn1;waltertactic,sophielong01
PeabsLord
alifraser74;b632e5fd2d9c48c,wiebrowl,bluefin129diaz,cukiicaza,5f1c0998318d4ac
MattRutherford
KhutsoNtsoko;hashtag,vucioudoq,khutsontsoko,sabaccamomoh
my2twh;my2twh
Indycyclist
